ID,MainCategory,SubCategory,TotalPower,Date
13,Other renewable energies,Photovoltaic,873.5000000000003,2009
19,Other renewable energies,Photovoltaic,7968.630000000003,2011
2,Other renewable energies,Photovoltaic,1758.0800000000013,2008
1,Other renewable energies,Photovoltaic,443.7,2006
1,Other renewable energies,Photovoltaic,4535.740000000001,2010
17,Other renewable energies,Photovoltaic,1970.4799999999996,2008
19,Other renewable energies,Photovoltaic,103.02000000000001,2006
17,Other renewable energies,Photovoltaic,15545.899999999989,2011
1,Other renewable energies,Photovoltaic,10882.390000000005,2011
21,Other renewable energies,Wind energy,12750,2020
10,Other renewable energies,Photovoltaic,680.4500000000003,2008
21,Other renewable energies,Photovoltaic,2119.22,2009
19,Other renewable energies,Photovoltaic,5320.239999999999,2009
11,Other renewable energies,Photovoltaic,485.59000000000015,2009
11,Other renewable energies,Photovoltaic,753.2299999999999,2008
17,Other renewable energies,Photovoltaic,591.6800000000001,2007
1,Other renewable energies,Photovoltaic,3470.16,2009
17,Other renewable energies,Photovoltaic,135,2006
2,Other renewable energies,Photovoltaic,5412.419999999992,2009
10,Other renewable energies,Photovoltaic,7014.820000000011,2011
17,Other renewable energies,Photovoltaic,4319.579999999999,2010
17,Other renewable energies,Photovoltaic,3303.789999999998,2009
7,Other renewable energies,Photovoltaic,31.099999999999998,2009
3,Other renewable energies,Photovoltaic,1793.5499999999997,2008
20,Other renewable energies,Photovoltaic,1324.6200000000001,2008
2,Other renewable energies,Photovoltaic,519.76,2007
20,Other renewable energies,Photovoltaic,23872.789999999997,2013
7,Other renewable energies,Photovoltaic,855.16,2012
23,Other renewable energies,Photovoltaic,16281.499999999996,2012
17,Hydroelectric power,Hydroelectric power,2185,2011
11,Other renewable energies,Photovoltaic,63.05,2007
23,Other renewable energies,Photovoltaic,14418.840000000002,2013
23,Other renewable energies,Wind energy,2000,2008
3,Other renewable energies,Photovoltaic,20729.06999999998,2012
10,Other renewable energies,Photovoltaic,12587.219999999992,2012
19,Other renewable energies,Photovoltaic,1020.5300000000001,2008
22,Other renewable energies,Photovoltaic,6531.730000000001,2011
14,Other renewable energies,Photovoltaic,1214.9200000000005,2011
23,Hydroelectric power,Hydroelectric power,97589.6,2013
2,Other renewable energies,Photovoltaic,20993.849999999984,2011
26,Other renewable energies,Photovoltaic,7920.260000000003,2012
22,Other renewable energies,Photovoltaic,5110.949999999999,2010
23,Hydroelectric power,Hydroelectric power,13250,2019
23,Hydroelectric power,Hydroelectric power,27195,2018
22,Other renewable energies,Photovoltaic,3094.51,2009
26,Other renewable energies,Photovoltaic,1090.9399999999994,2011
20,Other renewable energies,Photovoltaic,222.33,2007
3,Other renewable energies,Photovoltaic,3523.77,2009
15,Other renewable energies,Photovoltaic,337.87000000000006,2009
1,Other renewable energies,Photovoltaic,2068.7299999999987,2008
20,Other renewable energies,Photovoltaic,6450.6100000000015,2011
15,Other renewable energies,Photovoltaic,54.2,2008
16,Other renewable energies,Photovoltaic,207.74,2009
23,Other renewable energies,Photovoltaic,5726.099999999998,2011
16,Other renewable energies,Photovoltaic,1572.01,2012
25,Other renewable energies,Photovoltaic,10151.620000000003,2012
13,Other renewable energies,Photovoltaic,7192.430000000007,2011
22,Other renewable energies,Photovoltaic,361.9799999999999,2007
18,Other renewable energies,Wind energy,3000,2013
2,Other renewable energies,Photovoltaic,5661.689999999995,2010
1,Other renewable energies,Photovoltaic,18907.179999999986,2012
20,Other renewable energies,Photovoltaic,33,2006
4,Other renewable energies,Photovoltaic,172.42000000000002,2008
16,Other renewable energies,Photovoltaic,554.3100000000001,2008
20,Other renewable energies,Photovoltaic,2209.020000000001,2009
23,Hydroelectric power,Hydroelectric power,813,2011
21,Other renewable energies,Photovoltaic,268.16999999999996,2008
23,Other renewable energies,Photovoltaic,501.01999999999987,2010
18,Other renewable energies,Photovoltaic,594.2199999999999,2008
9,Other renewable energies,Photovoltaic,255.79999999999995,2009
26,Other renewable energies,Photovoltaic,329.96000000000004,2009
14,Other renewable energies,Photovoltaic,414.34999999999997,2008
4,Other renewable energies,Photovoltaic,161.22,2011
6,Other renewable energies,Photovoltaic,472.49,2009
1,Other renewable energies,Photovoltaic,1727.3099999999997,2007
16,Other renewable energies,Photovoltaic,7.800000000000001,2007
23,Hydroelectric power,Hydroelectric power,5431,2010
21,Other renewable energies,Photovoltaic,449.00000000000006,2010
19,Other renewable energies,Photovoltaic,16375.059999999998,2012
18,Hydroelectric power,Hydroelectric power,3706,2009
10,Other renewable energies,Photovoltaic,167.42999999999995,2007
13,Other renewable energies,Photovoltaic,258.27,2007
19,Other renewable energies,Photovoltaic,18712.539999999975,2013
5,Other renewable energies,Photovoltaic,117.24999999999997,2008
5,Other renewable energies,Photovoltaic,372.78,2009
19,Other renewable energies,Photovoltaic,132.4,2007
15,Other renewable energies,Photovoltaic,126.62000000000002,2010
13,Other renewable energies,Photovoltaic,511.7,2008
22,Other renewable energies,Photovoltaic,1115.5200000000007,2008
11,Other renewable energies,Photovoltaic,8505.190000000002,2011
5,Other renewable energies,Photovoltaic,2400.67,2011
4,Other renewable energies,Photovoltaic,127.33000000000003,2009
3,Other renewable energies,Photovoltaic,9904.670000000006,2011
15,Other renewable energies,Photovoltaic,221.32999999999998,2007
8,Hydroelectric power,Hydroelectric power,3020,2009
2,Hydroelectric power,Hydroelectric power,8619.5,2017
2,Other renewable energies,Photovoltaic,37567.82999999997,2012
26,Other renewable energies,Photovoltaic,310.2200000000001,2008
3,Other renewable energies,Photovoltaic,255.44999999999996,2007
13,Other renewable energies,Photovoltaic,36.1,2006
2,Other renewable energies,Photovoltaic,110.74999999999999,2006
5,Other renewable energies,Photovoltaic,329.23,2010
10,Other renewable energies,Photovoltaic,53.4,2006
18,Other renewable energies,Photovoltaic,1858.4900000000002,2009
23,Other renewable energies,Photovoltaic,235.39999999999998,2008
1,Other renewable energies,Photovoltaic,19411.200000000015,2013
10,Other renewable energies,Photovoltaic,1170.9200000000003,2009
19,Other renewable energies,Photovoltaic,3468.509999999999,2010
22,Other renewable energies,Photovoltaic,142.2,2006
2,Hydroelectric power,Hydroelectric power,953,2012
21,Other renewable energies,Photovoltaic,871.6799999999997,2011
7,Other renewable energies,Photovoltaic,235.91000000000003,2011
20,Other renewable energies,Photovoltaic,11679.999999999996,2012
23,Hydroelectric power,Hydroelectric power,1345,2006
23,Other renewable energies,Photovoltaic,532.1200000000001,2009
4,Hydroelectric power,Hydroelectric power,185,2014
3,Other renewable energies,Photovoltaic,3261.5800000000013,2010
2,Other renewable energies,Biomass,806.3,2006
8,Other renewable energies,Photovoltaic,43.58,2009
8,Hydroelectric power,Hydroelectric power,2315,2007
26,Other renewable energies,Photovoltaic,231.73999999999995,2010
14,Other renewable energies,Photovoltaic,3429.069999999999,2012
23,Other renewable energies,Photovoltaic,38.120000000000005,2007
7,Other renewable energies,Photovoltaic,140.62000000000003,2008
7,Other renewable energies,Photovoltaic,610.28,2010
22,Other renewable energies,Photovoltaic,16012.700000000006,2012
6,Hydroelectric power,Hydroelectric power,27,2006
5,Other renewable energies,Photovoltaic,3236.4000000000015,2012
2,Hydroelectric power,Hydroelectric power,2322.3,2009
13,Other renewable energies,Photovoltaic,15794.859999999997,2012
11,Other renewable energies,Photovoltaic,2404.509999999999,2010
1,Hydroelectric power,Hydroelectric power,115,2008
25,Other renewable energies,Photovoltaic,1547.0899999999997,2010
17,Other renewable energies,Wind energy,10,2010
9,Other renewable energies,Photovoltaic,170.40000000000003,2008
18,Other renewable energies,Photovoltaic,6316.279999999999,2012
18,Other renewable energies,Photovoltaic,301.3,2007
20,Other renewable energies,Biomass,350,2008
2,Hydroelectric power,Hydroelectric power,1810.5,2014
6,Other renewable energies,Photovoltaic,899.3399999999999,2012
26,Other renewable energies,Photovoltaic,59.28,2007
10,Other renewable energies,Biomass,2675,2012
17,Other renewable energies,Photovoltaic,19993.18000000002,2012
17,Hydroelectric power,Hydroelectric power,206,2006
10,Other renewable energies,Photovoltaic,1927.6399999999999,2010
19,Hydroelectric power,Hydroelectric power,11663.7,2014
18,Other renewable energies,Photovoltaic,3509.2400000000007,2011
14,Other renewable energies,Photovoltaic,47.19000000000001,2009
9,Other renewable energies,Photovoltaic,14.3,2007
21,Other renewable energies,Photovoltaic,68,2007
24,Other renewable energies,Photovoltaic,83.08000000000001,2008
14,Other renewable energies,Photovoltaic,821.3100000000002,2010
15,Other renewable energies,Photovoltaic,3080.9700000000016,2012
12,Other renewable energies,Photovoltaic,489.1,2009
2,Hydroelectric power,Hydroelectric power,1312,2006
16,Other renewable energies,Photovoltaic,624.0300000000002,2011
8,Other renewable energies,Photovoltaic,74.79999999999998,2008
14,Other renewable energies,Photovoltaic,3824.3600000000006,2013
23,Hydroelectric power,Hydroelectric power,2861,2009
23,Other renewable energies,Wind energy,5300,2012
24,Other renewable energies,Photovoltaic,349.2099999999999,2009
8,Other renewable energies,Photovoltaic,36.800000000000004,2007
14,Other renewable energies,Photovoltaic,207.75,2007
17,Other renewable energies,Biomass,1955,2010
6,Other renewable energies,Photovoltaic,237.6,2010
18,Hydroelectric power,Hydroelectric power,19900,2010
19,Hydroelectric power,Hydroelectric power,37.5,2008
2,Other renewable energies,Biomass,1897,2011
11,Hydroelectric power,Hydroelectric power,370,2015
6,Other renewable energies,Photovoltaic,2948.6299999999997,2013
8,Other renewable energies,Photovoltaic,262.92,2011
20,Other renewable energies,Biomass,353,2006
17,Hydroelectric power,Hydroelectric power,255.8,2012
17,Hydroelectric power,Hydroelectric power,6230.400000000001,2014
19,Hydroelectric power,Hydroelectric power,215,2015
20,Other renewable energies,Photovoltaic,1928.49,2010
2,Hydroelectric power,Hydroelectric power,13937,2016
2,Hydroelectric power,Hydroelectric power,4633,2013
6,Hydroelectric power,Hydroelectric power,63,2011
22,Other renewable energies,Photovoltaic,31387.14000000002,2013
7,Hydroelectric power,Hydroelectric power,64,2009
18,Other renewable energies,Photovoltaic,2747.909999999999,2010
11,Other renewable energies,Biomass,380,2006
10,Other renewable energies,Biomass,445,2007
7,Hydroelectric power,Hydroelectric power,59.599999999999994,2008
25,Other renewable energies,Photovoltaic,1489.3300000000017,2007
19,Other renewable energies,Biomass,235,2006
17,Other renewable energies,Photovoltaic,24665.01000000001,2013
5,Other renewable energies,Photovoltaic,3021.4699999999993,2013
24,Other renewable energies,Photovoltaic,175.54999999999998,2006
24,Other renewable energies,Photovoltaic,336.6299999999999,2010
11,Hydroelectric power,Hydroelectric power,36.5,2013
25,Other renewable energies,Photovoltaic,1254.5700000000002,2009
18,Hydroelectric power,Hydroelectric power,16835,2016
12,Other renewable energies,Photovoltaic,5.5,2008
18,Hydroelectric power,Hydroelectric power,592.4,2018
8,Hydroelectric power,Hydroelectric power,3393,2012
16,Other renewable energies,Biomass,110,2008
1,Hydroelectric power,Hydroelectric power,346,2011
18,Hydroelectric power,Hydroelectric power,15105.2,2011
1,Hydroelectric power,Hydroelectric power,650,2015
2,Hydroelectric power,Hydroelectric power,12957,2011
2,Hydroelectric power,Hydroelectric power,10404,2010
3,Other renewable energies,Biomass,1722.3,2009
2,Hydroelectric power,Hydroelectric power,448,2008
1,Other renewable energies,Photovoltaic,30853.370000000057,2015
4,Other renewable energies,Photovoltaic,13.6,2010
1,Hydroelectric power,Hydroelectric power,999.8,2012
23,Hydroelectric power,Hydroelectric power,1295.4,2008
19,Hydroelectric power,Hydroelectric power,90,2007
3,Other renewable energies,Biomass,877,2010
19,Other renewable energies,Biomass,1295.9,2008
1,Other renewable energies,Biomass,665,2006
20,Hydroelectric power,Hydroelectric power,881,2008
2,Other renewable energies,Biomass,797,2007
1,Other renewable energies,Biomass,1095,2007
9,Other renewable energies,Photovoltaic,4495.620000000003,2012
10,Other renewable energies,Biomass,124.10000000000001,2011
24,Other renewable energies,Photovoltaic,2320.790000000001,2012
23,Hydroelectric power,Hydroelectric power,1592,2007
11,Other renewable energies,Photovoltaic,13208.579999999996,2012
23,Hydroelectric power,Hydroelectric power,6608,2015
23,Hydroelectric power,Hydroelectric power,13043,2012
3,Other renewable energies,Biomass,335,2005
21,Other renewable energies,Photovoltaic,11.1,2006
4,Hydroelectric power,Hydroelectric power,1027,2008
23,Hydroelectric power,Hydroelectric power,18610,2014
24,Other renewable energies,Photovoltaic,1430.3300000000004,2011
14,Other renewable energies,Biomass,200,2006
16,Other renewable energies,Photovoltaic,49.10000000000001,2010
18,Other renewable energies,Photovoltaic,154,2006
23,Hydroelectric power,Hydroelectric power,15342,2020
1,Other renewable energies,Biomass,817,2008
22,Hydroelectric power,Hydroelectric power,648,2006
10,Other renewable energies,Biomass,670,2008
17,Hydroelectric power,Hydroelectric power,2146.5,2008
17,Other renewable energies,Biomass,831,2008
25,Other renewable energies,Photovoltaic,568.3499999999999,2006
13,Other renewable energies,Biomass,356,2009
4,Hydroelectric power,Hydroelectric power,320,2007
21,Other renewable energies,Photovoltaic,11061.600000000004,2013
3,Hydroelectric power,Hydroelectric power,920,2011
21,Hydroelectric power,Hydroelectric power,446,2009
4,Hydroelectric power,Hydroelectric power,55,2006
14,Other renewable energies,Photovoltaic,7.5,2006
4,Hydroelectric power,Hydroelectric power,278.5,2009
23,Hydroelectric power,Hydroelectric power,8530,2016
13,Other renewable energies,Biomass,346,2006
4,Hydroelectric power,Hydroelectric power,5508,2019
13,Other renewable energies,Biomass,180,2010
2,Other renewable energies,Photovoltaic,49819.200000000004,2013
18,Hydroelectric power,Hydroelectric power,10910,2014
26,Other renewable energies,Wind energy,6900,2010
20,Hydroelectric power,Hydroelectric power,820,2020
9,Other renewable energies,Biomass,440,2011
3,Other renewable energies,Photovoltaic,16052.960000000008,2014
5,Other renewable energies,Biomass,526,2008
19,Other renewable energies,Photovoltaic,13892.600000000011,2014
13,Other renewable energies,Photovoltaic,12272.740000000002,2013
5,Hydroelectric power,Hydroelectric power,272,2010
17,Hydroelectric power,Hydroelectric power,3135.4,2007
3,Other renewable energies,Photovoltaic,19354.809999999976,2013
1,Hydroelectric power,Hydroelectric power,440,2007
22,Hydroelectric power,Hydroelectric power,1451,2014
19,Other renewable energies,Biomass,737,2010
26,Other renewable energies,Photovoltaic,4984.589999999999,2013
18,Hydroelectric power,Hydroelectric power,10875,2012
1,Other renewable energies,Biomass,600,2013
2,Other renewable energies,Biomass,60,2008
17,Hydroelectric power,Hydroelectric power,1594.7,2010
10,Other renewable energies,Photovoltaic,17539.430000000008,2013
20,Hydroelectric power,Hydroelectric power,1700,2011
23,Other renewable energies,Biomass,801.8,2006
25,Other renewable energies,Photovoltaic,257.74000000000007,2008
7,Hydroelectric power,Hydroelectric power,2790,2013
1,Other renewable energies,Biomass,442,2011
22,Hydroelectric power,Hydroelectric power,3570,2008
23,Hydroelectric power,Hydroelectric power,10558,2017
1,Hydroelectric power,Hydroelectric power,467,2009
20,Other renewable energies,Biomass,849,2009
23,Other renewable energies,Photovoltaic,22.5,2006
26,Hydroelectric power,Hydroelectric power,423,2009
3,Other renewable energies,Biomass,250,2007
5,Other renewable energies,Photovoltaic,22.6,2007
8,Other renewable energies,Photovoltaic,99.80000000000001,2010
2,Hydroelectric power,Hydroelectric power,64.4,2007
3,Other renewable energies,Biomass,1422,2020
17,Other renewable energies,Photovoltaic,18032.29999999999,2018
19,Hydroelectric power,Hydroelectric power,6903,2006
18,Other renewable energies,Biomass,80,2004
18,Other renewable energies,Biomass,100,2008
24,Other renewable energies,Photovoltaic,2526.0800000000013,2013
15,Other renewable energies,Photovoltaic,476.92,2011
15,Other renewable energies,Photovoltaic,2246.4700000000007,2013
20,Other renewable energies,Biomass,900,2010
11,Other renewable energies,Photovoltaic,14.899999999999999,2006
9,Other renewable energies,Photovoltaic,3209.0899999999983,2014
21,Other renewable energies,Photovoltaic,3677.9800000000005,2012
10,Hydroelectric power,Hydroelectric power,180,2007
3,Hydroelectric power,Hydroelectric power,29.5,2008
6,Other renewable energies,Photovoltaic,346.34,2011
24,Other renewable energies,Photovoltaic,18,2007
2,Other renewable energies,Photovoltaic,53010.08000000012,2015
8,Hydroelectric power,Hydroelectric power,1225,2011
3,Other renewable energies,Photovoltaic,59.6,2006
3,Hydroelectric power,Hydroelectric power,107,2015
6,Hydroelectric power,Hydroelectric power,215,2010
4,Hydroelectric power,Hydroelectric power,4644,2016
7,Hydroelectric power,Hydroelectric power,298,2014
8,Hydroelectric power,Hydroelectric power,5770,2010
8,Hydroelectric power,Hydroelectric power,3533.5,2017
19,Other renewable energies,Biomass,444,2009
4,Hydroelectric power,Hydroelectric power,12433,2020
13,Other renewable energies,Biomass,250,2008
2,Other renewable energies,Wind energy,16000,2010
8,Hydroelectric power,Hydroelectric power,2213,2016
18,Hydroelectric power,Hydroelectric power,25135.2,2013
4,Hydroelectric power,Hydroelectric power,381,2011
22,Hydroelectric power,Hydroelectric power,220,2009
18,Other renewable energies,Biomass,21130,2007
23,Other renewable energies,Wind energy,7050,2016
22,Hydroelectric power,Hydroelectric power,3873,2013
22,Other renewable energies,Biomass,335,2007
9,Other renewable energies,Photovoltaic,17.3,2006
22,Other renewable energies,Biomass,132,2008
26,Other renewable energies,Biomass,430,2008
26,Other renewable energies,Biomass,700,2013
1,Other renewable energies,Biomass,310,2012
13,Other renewable energies,Photovoltaic,966.1100000000001,2010
4,Other renewable energies,Photovoltaic,12.2,2006
4,Other renewable energies,Photovoltaic,585.1999999999999,2012
9,Other renewable energies,Photovoltaic,935.8100000000002,2011
1,Other renewable energies,Biomass,11482,2010
9,Other renewable energies,Photovoltaic,323.48999999999995,2010
15,Hydroelectric power,Hydroelectric power,16,2010
18,Hydroelectric power,Hydroelectric power,6877,2008
26,Other renewable energies,Photovoltaic,8.57,2006
2,Other renewable energies,Biomass,1339,2010
6,Other renewable energies,Biomass,550,2011
22,Hydroelectric power,Hydroelectric power,80,2016
24,Hydroelectric power,Hydroelectric power,495,2014
13,Other renewable energies,Photovoltaic,8991.46,2015
1,Other renewable energies,Waste,23000,2012
20,Hydroelectric power,Hydroelectric power,7.5,2006
8,Other renewable energies,Photovoltaic,812.53,2012
1,Other renewable energies,Photovoltaic,17618.519999999986,2014
19,Hydroelectric power,Hydroelectric power,50633,2010
21,Other renewable energies,Photovoltaic,8648.379999999997,2016
15,Other renewable energies,Photovoltaic,4.2,2006
22,Other renewable energies,Photovoltaic,15128.029999999988,2014
24,Other renewable energies,Photovoltaic,4457.48,2014
1,Other renewable energies,Biomass,103,2009
25,Other renewable energies,Photovoltaic,2904.63,2014
2,Other renewable energies,Photovoltaic,27119.020000000055,2014
12,Other renewable energies,Photovoltaic,1360.5300000000007,2014
17,Hydroelectric power,Hydroelectric power,52.900000000000006,2009
25,Other renewable energies,Photovoltaic,5416.399999999998,2013
24,Hydroelectric power,Hydroelectric power,12,2008
8,Hydroelectric power,Hydroelectric power,32,2006
26,Other renewable energies,Wind energy,7,2007
22,Other renewable energies,Biomass,4000,2012
17,Other renewable energies,Biomass,1087,2007
17,Hydroelectric power,Hydroelectric power,8697.4,2018
14,Other renewable energies,Biomass,60,2009
3,Other renewable energies,Biomass,890,2006
20,Hydroelectric power,Hydroelectric power,104.3,2010
9,Hydroelectric power,Hydroelectric power,12,2006
13,Hydroelectric power,Hydroelectric power,679,2006
9,Hydroelectric power,Hydroelectric power,1273,2010
9,Hydroelectric power,Hydroelectric power,326,2015
8,Other renewable energies,Photovoltaic,22.58,2006
3,Hydroelectric power,Hydroelectric power,38,2009
3,Other renewable energies,Biomass,95,2008
10,Hydroelectric power,Hydroelectric power,1105.81,2013
10,Other renewable energies,Biomass,125,2006
10,Hydroelectric power,Hydroelectric power,45,2018
18,Other renewable energies,Photovoltaic,9627.759999999995,2013
21,Hydroelectric power,Hydroelectric power,20,2007
23,Other renewable energies,Biomass,100,2009
19,Other renewable energies,Biomass,48,2007
23,Other renewable energies,Biomass,15,2012
2,Other renewable energies,Biomass,1115,2009
5,Hydroelectric power,Hydroelectric power,27,2012
21,Hydroelectric power,Hydroelectric power,50,2008
9,Other renewable energies,Biomass,584,2009
9,Other renewable energies,Photovoltaic,5238.9100000000035,2013
13,Other renewable energies,Photovoltaic,5000.75,2014
17,Other renewable energies,Wind energy,7,2006
11,Other renewable energies,Photovoltaic,24513.020000000008,2013
21,Hydroelectric power,Hydroelectric power,604,2022
22,Hydroelectric power,Hydroelectric power,853,2022
18,Hydroelectric power,Hydroelectric power,14671,2017
18,Hydroelectric power,Hydroelectric power,7339.1,2007
5,Hydroelectric power,Hydroelectric power,159,2019
22,Other renewable energies,Biomass,197,2009
2,Other renewable energies,Biomass,33389.9,2012
20,Hydroelectric power,Hydroelectric power,299,2012
19,Other renewable energies,Wind energy,10,2009
22,Other renewable energies,Biomass,12,2006
21,Hydroelectric power,Hydroelectric power,2168.6,2012
19,Hydroelectric power,Hydroelectric power,2999.5,2013
10,Hydroelectric power,Hydroelectric power,60,2008
26,Other renewable energies,Biomass,172,2010
22,Other renewable energies,Biomass,3570,2011
17,Other renewable energies,Photovoltaic,15803.35,2014
11,Hydroelectric power,Hydroelectric power,10,2006
3,Other renewable energies,Biomass,296,2013
11,Other renewable energies,Biomass,889,2009
7,Other renewable energies,Photovoltaic,1633.64,2013
21,Hydroelectric power,Hydroelectric power,1039,2015
18,Other renewable energies,Biomass,250,2006
22,Hydroelectric power,Hydroelectric power,773,2019
8,Hydroelectric power,Hydroelectric power,1000,2014
5,Other renewable energies,Biomass,875,2009
11,Hydroelectric power,Hydroelectric power,10,2007
1,Hydroelectric power,Hydroelectric power,242,2010
17,Other renewable energies,Biomass,2224,2009
19,Hydroelectric power,Hydroelectric power,195.5,2011
21,Hydroelectric power,Hydroelectric power,3011.7,2016
10,Hydroelectric power,Hydroelectric power,40,2006
2,Hydroelectric power,Hydroelectric power,898,2018
10,Other renewable energies,Biomass,176.4,2013
24,Other renewable energies,Biomass,270,2011
3,Hydroelectric power,Hydroelectric power,6,2006
23,Other renewable energies,Photovoltaic,9491.81,2014
5,Other renewable energies,Photovoltaic,32,2006
2,Other renewable energies,Biomass,490,2017
17,Other renewable energies,Biomass,665,2013
17,Other renewable energies,Biomass,353,2011
19,Other renewable energies,Photovoltaic,17700.089999999986,2016
8,Other renewable energies,Photovoltaic,582.16,2013
24,Other renewable energies,Biomass,450,2012
19,Other renewable energies,Biomass,2519,2011
21,Hydroelectric power,Hydroelectric power,323.5,2013
22,Hydroelectric power,Hydroelectric power,85,2010
11,Other renewable energies,Photovoltaic,6467.190000000005,2014
17,Hydroelectric power,Hydroelectric power,1034,2013
12,Other renewable energies,Photovoltaic,4409.789999999998,2013
22,Hydroelectric power,Hydroelectric power,14,2007
10,Other renewable energies,Biomass,439,2009
6,Other renewable energies,Photovoltaic,3.5,2007
20,Other renewable energies,Photovoltaic,11796.449999999993,2014
22,Hydroelectric power,Hydroelectric power,123,2015
10,Hydroelectric power,Hydroelectric power,59,2011
24,Other renewable energies,Photovoltaic,6365.409999999997,2016
12,Other renewable energies,Waste,16214.6,2008
12,Other renewable energies,Biomass,4365.4,2008
10,Other renewable energies,Biomass,526,2016
3,Other renewable energies,Biomass,1317,2011
24,Hydroelectric power,Hydroelectric power,22,2009
7,Other renewable energies,Biomass,104,2011
18,Other renewable energies,Photovoltaic,12153.149999999996,2015
10,Hydroelectric power,Hydroelectric power,3,2009
22,Other renewable energies,Biomass,80,2010
18,Hydroelectric power,Hydroelectric power,4633,2019
5,Hydroelectric power,Hydroelectric power,57.559999999999995,2011
2,Hydroelectric power,Hydroelectric power,8300,2023
8,Hydroelectric power,Hydroelectric power,4063,2019
21,Other renewable energies,Biomass,619,2011
21,Other renewable energies,Photovoltaic,18618.850000000017,2015
25,Other renewable energies,Biomass,471,2012
2,Hydroelectric power,Hydroelectric power,22954.3,2015
24,Other renewable energies,Biomass,5.1,2010
21,Hydroelectric power,Hydroelectric power,5246,2019
20,Other renewable energies,Biomass,300,2018
12,Other renewable energies,Photovoltaic,1315.8500000000001,2010
2,Other renewable energies,Wind energy,31,2015
10,Hydroelectric power,Hydroelectric power,110,2012
26,Other renewable energies,Biomass,572,2009
17,Hydroelectric power,Hydroelectric power,150,2017
2,Other renewable energies,Photovoltaic,28694.740000000045,2016
23,Other renewable energies,Biomass,217,2011
22,Hydroelectric power,Hydroelectric power,491,2017
20,Other renewable energies,Biomass,50,2015
10,Other renewable energies,Biomass,40,2010
3,Other renewable energies,Biomass,807,2018
18,Hydroelectric power,Hydroelectric power,1457,2020
17,Other renewable energies,Photovoltaic,38424.23000000006,2015
3,Other renewable energies,Biomass,345.4,2012
17,Other renewable energies,Photovoltaic,19363.95000000001,2016
3,Other renewable energies,Photovoltaic,33981.79000000005,2015
19,Other renewable energies,Photovoltaic,30403.120000000024,2015
23,Other renewable energies,Photovoltaic,18063.380000000012,2015
10,Other renewable energies,Photovoltaic,7540.38999999999,2014
22,Other renewable energies,Photovoltaic,38278.43000000005,2016
17,Hydroelectric power,Hydroelectric power,5095,2019
17,Other renewable energies,Wind energy,110,2015
10,Hydroelectric power,Hydroelectric power,35,2014
9,Other renewable energies,Photovoltaic,6137.860000000002,2015
25,Other renewable energies,Photovoltaic,3704.8899999999994,2011
4,Hydroelectric power,Hydroelectric power,4050,2022
15,Other renewable energies,Biomass,25,2009
22,Hydroelectric power,Hydroelectric power,400,2012
20,Other renewable energies,Photovoltaic,16333.68,2016
22,Hydroelectric power,Hydroelectric power,531,2023
20,Other renewable energies,Photovoltaic,25308.250000000022,2015
21,Hydroelectric power,Hydroelectric power,3345,2018
4,Hydroelectric power,Hydroelectric power,12540.5,2017
22,Other renewable energies,Photovoltaic,35294.13000000006,2015
10,Hydroelectric power,Hydroelectric power,30,2010
22,Hydroelectric power,Hydroelectric power,135,2011
6,Hydroelectric power,Hydroelectric power,7.5,2012
5,Hydroelectric power,Hydroelectric power,67,2013
5,Other renewable energies,Photovoltaic,3321.689999999999,2016
3,Other renewable energies,Wind energy,2350,2013
16,Other renewable energies,Photovoltaic,737.9899999999997,2013
23,Other renewable energies,Photovoltaic,8950.479999999996,2016
24,Other renewable energies,Photovoltaic,10505.180000000006,2015
4,Other renewable energies,Photovoltaic,732.5200000000001,2013
22,Other renewable energies,Biomass,678,2014
3,Other renewable energies,Photovoltaic,19434.92000000002,2016
8,Hydroelectric power,Hydroelectric power,580,2018
19,Other renewable energies,Biomass,700,2013
17,Hydroelectric power,Hydroelectric power,895,2020
26,Other renewable energies,Photovoltaic,2407.0100000000007,2014
12,Other renewable energies,Photovoltaic,2680.5600000000004,2011
25,Other renewable energies,Photovoltaic,7275.610000000005,2015
18,Hydroelectric power,Hydroelectric power,24585.1,2015
5,Hydroelectric power,Hydroelectric power,2275,2016
19,Other renewable energies,Biomass,27,2014
7,Other renewable energies,Photovoltaic,873.3700000000001,2015
18,Other renewable energies,Photovoltaic,6253.030000000002,2014
17,Hydroelectric power,Hydroelectric power,1414,2015
17,Other renewable energies,Biomass,758,2015
22,Other renewable energies,Biomass,1289,2016
2,Hydroelectric power,Hydroelectric power,324.6,2020
2,Hydroelectric power,Hydroelectric power,384,2021
21,Other renewable energies,Photovoltaic,9987.439999999993,2014
4,Hydroelectric power,Hydroelectric power,2365,2018
19,Other renewable energies,Biomass,8314,2019
10,Other renewable energies,Photovoltaic,16097.479999999998,2016
1,Hydroelectric power,Hydroelectric power,4365,2020
22,Other renewable energies,Biomass,890,2018
10,Other renewable energies,Photovoltaic,30145.330000000016,2015
22,Other renewable energies,Biomass,230,2013
4,Other renewable energies,Photovoltaic,405.09999999999997,2017
21,Other renewable energies,Biomass,527,2015
5,Hydroelectric power,Hydroelectric power,46,2017
26,Other renewable energies,Photovoltaic,4899.409999999998,2015
26,Other renewable energies,Photovoltaic,10674.190000000008,2016
23,Other renewable energies,Biomass,24,2016
23,Hydroelectric power,Hydroelectric power,5310,2021
18,Other renewable energies,Photovoltaic,5744.930000000001,2017
2,Other renewable energies,Biomass,128,2018
5,Other renewable energies,Biomass,223,2013
26,Hydroelectric power,Hydroelectric power,132,2016
18,Other renewable energies,Photovoltaic,5949.1299999999965,2016
20,Hydroelectric power,Hydroelectric power,964,2016
3,Other renewable energies,Wind energy,12,2010
5,Other renewable energies,Photovoltaic,5203.660000000001,2015
13,Other renewable energies,Photovoltaic,5703.250000000003,2017
12,Other renewable energies,Photovoltaic,1352.499999999999,2012
11,Other renewable energies,Photovoltaic,17947.09999999998,2015
18,Other renewable energies,Biomass,243,2012
5,Other renewable energies,Photovoltaic,3195.4400000000005,2014
16,Hydroelectric power,Hydroelectric power,7,2011
17,Hydroelectric power,Hydroelectric power,134,2022
3,Other renewable energies,Photovoltaic,15347.720000000016,2017
7,Other renewable energies,Photovoltaic,1555.18,2016
2,Other renewable energies,Biomass,101,2013
6,Other renewable energies,Photovoltaic,1380.7900000000002,2015
5,Other renewable energies,Biomass,1500,2015
14,Other renewable energies,Photovoltaic,1730.8400000000001,2016
9,Hydroelectric power,Hydroelectric power,15,2011
17,Other renewable energies,Wind energy,83,2016
20,Other renewable energies,Biomass,350,2011
5,Hydroelectric power,Hydroelectric power,21.03,2020
5,Hydroelectric power,Hydroelectric power,27.5,2021
18,Other renewable energies,Biomass,70,2011
18,Hydroelectric power,Hydroelectric power,4077.5,2023
1,Other renewable energies,Photovoltaic,24142.800000000083,2016
7,Other renewable energies,Photovoltaic,698.6,2014
17,Other renewable energies,Photovoltaic,14329.79000000002,2017
19,Other renewable energies,Biomass,221,2018
23,Other renewable energies,Biomass,150,2015
14,Other renewable energies,Photovoltaic,2733.89,2015
15,Other renewable energies,Photovoltaic,2125.8399999999992,2014
15,Other renewable energies,Photovoltaic,2733.5699999999993,2015
14,Other renewable energies,Photovoltaic,2343.1,2014
4,Other renewable energies,Photovoltaic,459.25,2015
4,Other renewable energies,Photovoltaic,339.69000000000005,2014
13,Other renewable energies,Biomass,357,2011
14,Hydroelectric power,Hydroelectric power,378.75,1968
9,Other renewable energies,Photovoltaic,3262.000000000002,2016
2,Other renewable energies,Photovoltaic,26813.360000000022,2018
16,Other renewable energies,Photovoltaic,902.7300000000001,2015
1,Other renewable energies,Photovoltaic,24227.329999999998,2017
8,Other renewable energies,Photovoltaic,1261.5199999999995,2015
17,Other renewable energies,Biomass,250,2018
11,Other renewable energies,Photovoltaic,7033.909999999991,2016
16,Other renewable energies,Photovoltaic,1077.69,2016
8,Other renewable energies,Photovoltaic,515.7499999999999,2014
2,Other renewable energies,Biomass,550,2020
19,Other renewable energies,Biomass,117,2012
19,Other renewable energies,Photovoltaic,14028.489999999996,2017
6,Other renewable energies,Photovoltaic,1363.2800000000004,2016
20,Other renewable energies,Photovoltaic,10364.93999999999,2017
24,Other renewable energies,Photovoltaic,6368.820000000004,2017
21,Other renewable energies,Biomass,150,2017
6,Other renewable energies,Photovoltaic,653.4999999999999,2014
11,Other renewable energies,Photovoltaic,6389.739999999996,2017
2,Other renewable energies,Biomass,12600,2021
15,Other renewable energies,Biomass,37,2012
3,Other renewable energies,Wind energy,950,2012
6,Other renewable energies,Photovoltaic,2069.9100000000003,2017
16,Other renewable energies,Photovoltaic,860.8600000000001,2014
15,Other renewable energies,Photovoltaic,1725.0399999999995,2016
3,Other renewable energies,Biomass,680,2015
13,Other renewable energies,Photovoltaic,4784.649999999994,2016
15,Hydroelectric power,Hydroelectric power,810,2019
2,Other renewable energies,Photovoltaic,23525.810000000027,2017
19,Hydroelectric power,Hydroelectric power,75,2017
22,Other renewable energies,Biomass,851.9,2020
14,Other renewable energies,Photovoltaic,3053.6500000000015,2017
2,Other renewable energies,Wind energy,3,2012
18,Hydroelectric power,Hydroelectric power,7259.7,2022
5,Other renewable energies,Photovoltaic,3272.860000000001,2017
8,Other renewable energies,Photovoltaic,589.3299999999999,2016
10,Other renewable energies,Photovoltaic,15753.660000000009,2017
10,Other renewable energies,Biomass,770,2020
1,Hydroelectric power,Hydroelectric power,505.5,2014
9,Other renewable energies,Photovoltaic,3184.93,2017
4,Other renewable energies,Photovoltaic,423.38000000000017,2016
18,Other renewable energies,Photovoltaic,13399.490000000005,2021
3,Hydroelectric power,Hydroelectric power,30,2016
3,Hydroelectric power,Hydroelectric power,1600,2023
22,Other renewable energies,Photovoltaic,25485.960000000057,2017
23,Other renewable energies,Photovoltaic,9416.919999999993,2017
16,Hydroelectric power,Hydroelectric power,30,2014
26,Other renewable energies,Biomass,1400,2017
20,Other renewable energies,Biomass,368,2012
26,Other renewable energies,Photovoltaic,4402.830000000001,2017
13,Other renewable energies,Photovoltaic,4808.939999999998,2018
11,Other renewable energies,Photovoltaic,6352.760000000005,2018
17,Other renewable energies,Photovoltaic,26111.550000000047,2019
7,Hydroelectric power,Hydroelectric power,23,2012
18,Other renewable energies,Photovoltaic,12087.010000000007,2020
19,Other renewable energies,Photovoltaic,21227.319999999996,2019
3,Other renewable energies,Photovoltaic,16486.979999999996,2018
9,Other renewable energies,Photovoltaic,2989.389999999999,2019
5,Other renewable energies,Photovoltaic,5855.889999999999,2019
16,Other renewable energies,Photovoltaic,674.3800000000001,2018
18,Other renewable energies,Photovoltaic,7034.640000000002,2019
26,Other renewable energies,Biomass,230,2015
2,Other renewable energies,Photovoltaic,48422.87000000002,2020
19,Other renewable energies,Photovoltaic,16621.00999999999,2018
23,Other renewable energies,Photovoltaic,17226.98999999999,2020
20,Other renewable energies,Photovoltaic,14089.710000000001,2019
1,Other renewable energies,Photovoltaic,25447.879999999983,2018
5,Other renewable energies,Photovoltaic,3709.0799999999986,2018
14,Other renewable energies,Biomass,360,2021
26,Other renewable energies,Photovoltaic,2925.359999999999,2018
2,Other renewable energies,Photovoltaic,1436.01,2005
25,Other renewable energies,Photovoltaic,1734.15,2005
22,Other renewable energies,Photovoltaic,27776.99000000006,2018
3,Other renewable energies,Photovoltaic,27343.21,2019
12,Other renewable energies,Photovoltaic,3821.710000000001,2020
12,Other renewable energies,Biomass,8850,2019
5,Other renewable energies,Photovoltaic,12641.590000000004,2020
2,Other renewable energies,Photovoltaic,33388.14999999999,2019
25,Other renewable energies,Photovoltaic,7931.209999999996,2019
25,Other renewable energies,Photovoltaic,5757.600000000003,2016
6,Hydroelectric power,Hydroelectric power,12110,2013
22,Other renewable energies,Photovoltaic,31668.139999999996,2019
21,Hydroelectric power,Hydroelectric power,4000,2023
5,Other renewable energies,Photovoltaic,12865.619999999999,2022
18,Other renewable energies,Photovoltaic,356.25,2005
1,Other renewable energies,Photovoltaic,44358.73999999989,2020
1,Hydroelectric power,Hydroelectric power,269,2018
1,Other renewable energies,Photovoltaic,31552.72999999999,2019
10,Other renewable energies,Photovoltaic,18050.24999999999,2019
22,Other renewable energies,Biomass,310,2015
11,Other renewable energies,Photovoltaic,15080.229999999992,2021
10,Other renewable energies,Photovoltaic,15181.869999999986,2018
9,Other renewable energies,Photovoltaic,90.18,2001
23,Other renewable energies,Photovoltaic,13611.580000000018,2019
24,Other renewable energies,Photovoltaic,8900.549999999994,2018
6,Other renewable energies,Photovoltaic,1451.4399999999994,2018
15,Other renewable energies,Photovoltaic,3459.5800000000004,2020
19,Other renewable energies,Photovoltaic,39787.28999999998,2020
15,Other renewable energies,Photovoltaic,9.18,2000
23,Other renewable energies,Photovoltaic,24299.170000000006,2021
15,Other renewable energies,Photovoltaic,1733.2099999999996,2018
18,Other renewable energies,Biomass,140,2014
19,Hydroelectric power,Hydroelectric power,15,2016
8,Other renewable energies,Photovoltaic,2626.8700000000003,2020
15,Other renewable energies,Photovoltaic,1484.0800000000004,2017
11,Other renewable energies,Photovoltaic,6563.909999999999,2019
16,Other renewable energies,Photovoltaic,766.3399999999998,2017
19,Other renewable energies,Photovoltaic,142.4,1999
25,Other renewable energies,Photovoltaic,4797.450000000003,2017
22,Other renewable energies,Photovoltaic,163.57999999999998,2003
11,Other renewable energies,Biomass,490,2019
3,Other renewable energies,Biomass,300,2014
4,Other renewable energies,Wind energy,2400,2010
23,Hydroelectric power,Hydroelectric power,661.5,2023
15,Other renewable energies,Biomass,710,2015
5,Other renewable energies,Biomass,7880,2020
3,Other renewable energies,Photovoltaic,35346.54000000005,2021
1,Other renewable energies,Biomass,45,2014
17,Other renewable energies,Photovoltaic,47743.00999999991,2021
1,Other renewable energies,Photovoltaic,261.84000000000003,1994
20,Other renewable energies,Photovoltaic,11228.509999999993,2018
2,Other renewable energies,Photovoltaic,58102.939999999944,2021
21,Other renewable energies,Photovoltaic,11225.819999999987,2017
21,Other renewable energies,Photovoltaic,10109.63999999999,2018
11,Other renewable energies,Biomass,104,2011
2,Other renewable energies,Wind energy,8000,2013
22,Other renewable energies,Photovoltaic,39089.35999999983,2020
9,Other renewable energies,Photovoltaic,6458.460000000003,2020
3,Other renewable energies,Biomass,3036,2017
17,Other renewable energies,Photovoltaic,35228.26000000001,2020
21,Other renewable energies,Photovoltaic,14064.259999999993,2020
18,Other renewable energies,Biomass,47,2013
16,Other renewable energies,Photovoltaic,832.6899999999997,2019
1,Hydroelectric power,Hydroelectric power,30.6,2013
21,Other renewable energies,Photovoltaic,11922.509999999998,2019
1,Other renewable energies,Biomass,296,2021
10,Other renewable energies,Photovoltaic,22817.67999999999,2020
2,Other renewable energies,Biomass,268,2016
7,Hydroelectric power,Hydroelectric power,13,2015
22,Other renewable energies,Biomass,380,2022
14,Other renewable energies,Biomass,85,2013
2,Hydroelectric power,Hydroelectric power,18.5,2019
14,Other renewable energies,Photovoltaic,3900.6199999999994,2020
14,Other renewable energies,Biomass,630.8,2014
2,Other renewable energies,Photovoltaic,78870.31000000008,2022
14,Other renewable energies,Photovoltaic,1747.7100000000007,2018
23,Other renewable energies,Photovoltaic,12049.069999999998,2018
10,Hydroelectric power,Hydroelectric power,12,2017
2,Other renewable energies,Biomass,195.4,2014
18,Other renewable energies,Photovoltaic,5907.02,2018
8,Other renewable energies,Photovoltaic,417.9099999999999,2017
8,Other renewable energies,Photovoltaic,888.63,2019
21,Hydroelectric power,Hydroelectric power,45,2014
2,Other renewable energies,Photovoltaic,22.08,1989
8,Hydroelectric power,Hydroelectric power,185,2015
19,Other renewable energies,Biomass,3000,2017
3,Other renewable energies,Biomass,1400,2016
8,Other renewable energies,Photovoltaic,871.9200000000001,2018
24,Other renewable energies,Photovoltaic,9224.94999999999,2020
12,Other renewable energies,Photovoltaic,2635.400000000001,2018
7,Other renewable energies,Photovoltaic,407.89,2017
26,Other renewable energies,Photovoltaic,8874.250000000011,2020
20,Other renewable energies,Photovoltaic,27602.350000000035,2020
18,Hydroelectric power,Hydroelectric power,90.25,2006
3,Other renewable energies,Photovoltaic,34354.600000000035,2020
19,Other renewable energies,Biomass,190.2,2016
23,Hydroelectric power,Hydroelectric power,440,2022
12,Other renewable energies,Photovoltaic,1969.2299999999998,2015
4,Other renewable energies,Photovoltaic,812.5000000000001,2018
12,Other renewable energies,Photovoltaic,3613.959999999998,2017
7,Other renewable energies,Photovoltaic,1877.76,2020
22,Other renewable energies,Photovoltaic,42580.63999999999,2021
11,Hydroelectric power,Hydroelectric power,1290,2022
5,Other renewable energies,Biomass,179,2018
5,Other renewable energies,Photovoltaic,9472.69999999999,2021
6,Other renewable energies,Photovoltaic,2290.7999999999993,2021
1,Other renewable energies,Photovoltaic,66590.26999999986,2021
19,Other renewable energies,Photovoltaic,52110.71999999998,2021
12,Other renewable energies,Photovoltaic,1393.07,2016
7,Other renewable energies,Photovoltaic,858.2600000000001,2018
3,Other renewable energies,Biomass,459.4,2022
1,Other renewable energies,Waste,19600,2008
12,Hydroelectric power,Hydroelectric power,18.5,2019
9,Other renewable energies,Biomass,1,2013
18,Other renewable energies,Biomass,350,2015
17,Other renewable energies,Photovoltaic,66.78999999999999,2003
26,Other renewable energies,Biomass,1182,2020
20,Other renewable energies,Photovoltaic,32430.460000000032,2021
15,Other renewable energies,Photovoltaic,3323.8900000000017,2021
24,Other renewable energies,Biomass,629,2021
11,Other renewable energies,Photovoltaic,11959.539999999995,2020
11,Other renewable energies,Photovoltaic,23809.67999999997,2022
10,Other renewable energies,Biomass,103,2017
10,Other renewable energies,Biomass,258,2015
9,Other renewable energies,Photovoltaic,3130.7600000000007,2018
6,Other renewable energies,Photovoltaic,2547.340000000001,2020
17,Other renewable energies,Biomass,75,2023
16,Other renewable energies,Photovoltaic,2196.6100000000006,2020
17,Other renewable energies,Photovoltaic,18.76,2005
2,Other renewable energies,Wind energy,13200,2016
15,Other renewable energies,Photovoltaic,2008.5000000000002,2019
26,Other renewable energies,Photovoltaic,8526.300000000003,2021
18,Other renewable energies,Photovoltaic,52.26,1991
24,Hydroelectric power,Hydroelectric power,2000,2016
25,Other renewable energies,Photovoltaic,6468.509999999994,2018
2,Other renewable energies,Biomass,14,2015
2,Other renewable energies,Biomass,444,2019
23,Other renewable energies,Biomass,6750,2022
1,Other renewable energies,Biomass,263,2022
11,Other renewable energies,Biomass,56,2016
12,Other renewable energies,Photovoltaic,1901.050000000001,2019
25,Other renewable energies,Photovoltaic,7211.660000000006,2020
17,Hydroelectric power,Hydroelectric power,15,2016
1,Other renewable energies,Biomass,65.5,2015
23,Other renewable energies,Photovoltaic,18240.489999999983,2023
13,Other renewable energies,Photovoltaic,6208.18,2019
20,Other renewable energies,Biomass,249.9,2022
20,Other renewable energies,Biomass,75,2017
13,Other renewable energies,Photovoltaic,170.1,1992
18,Other renewable energies,Biomass,98,2020
18,Other renewable energies,Biomass,134,2021
18,Other renewable energies,Biomass,757,2022
9,Other renewable energies,Biomass,56,2022
1,Other renewable energies,Photovoltaic,70717.86000000004,2022
18,Hydroelectric power,Hydroelectric power,4500,2021
6,Other renewable energies,Photovoltaic,2048.6700000000014,2019
13,Other renewable energies,Biomass,130,2020
10,Other renewable energies,Biomass,30,2018
18,Other renewable energies,Biomass,35,2023
14,Other renewable energies,Photovoltaic,1490.4100000000003,2019
20,Other renewable energies,Biomass,5920,2023
20,Other renewable energies,Biomass,105,2020
21,Hydroelectric power,Hydroelectric power,16,2017
20,Other renewable energies,Photovoltaic,36.11,2005
5,Other renewable energies,Photovoltaic,69.97999999999999,2002
24,Other renewable energies,Photovoltaic,8044.929999999994,2019
19,Other renewable energies,Photovoltaic,36.720000000000006,2004
1,Other renewable energies,Photovoltaic,368.54999999999995,2005
21,Other renewable energies,Photovoltaic,20515.269999999997,2021
1,Other renewable energies,Biomass,574,2018
19,Other renewable energies,Photovoltaic,155.73999999999998,2001
20,Other renewable energies,Photovoltaic,32.64,2002
14,Other renewable energies,Photovoltaic,5241.9200000000055,2021
22,Other renewable energies,Photovoltaic,17.14,2004
14,Other renewable energies,Biomass,738,2018
22,Other renewable energies,Biomass,629,2021
1,Other renewable energies,Photovoltaic,483.3,1998
1,Other renewable energies,Biomass,121,2020
25,Other renewable energies,Photovoltaic,12305.849999999999,2021
7,Other renewable energies,Photovoltaic,687.6100000000001,2019
26,Other renewable energies,Photovoltaic,3943.379999999999,2019
22,Other renewable energies,Photovoltaic,101.08,2005
2,Other renewable energies,Photovoltaic,324.46,1999
13,Other renewable energies,Photovoltaic,12111.37999999999,2020
7,Other renewable energies,Photovoltaic,4565.470000000001,2021
4,Other renewable energies,Photovoltaic,595.4800000000001,2019
24,Other renewable energies,Wind energy,3.4,2018
2,Other renewable energies,Photovoltaic,697.9300000000001,1992
20,Other renewable energies,Photovoltaic,99,1994
22,Hydroelectric power,Hydroelectric power,275.7,2020
22,Other renewable energies,Photovoltaic,54705.75999999994,2022
12,Other renewable energies,Photovoltaic,4985.260000000001,2021
4,Other renewable energies,Photovoltaic,1739.3000000000002,2020
6,Hydroelectric power,Hydroelectric power,152,2019
9,Other renewable energies,Photovoltaic,7177.849999999997,2021
24,Other renewable energies,Photovoltaic,12278.289999999983,2021
13,Other renewable energies,Photovoltaic,14704.319999999956,2021
21,Other renewable energies,Photovoltaic,31069.70999999998,2022
10,Other renewable energies,Photovoltaic,39758.69999999997,2022
10,Other renewable energies,Photovoltaic,27137.989999999958,2021
4,Other renewable energies,Photovoltaic,2513.5500000000006,2021
14,Other renewable energies,Photovoltaic,12.7,2005
13,Other renewable energies,Photovoltaic,17575.909999999978,2022
3,Other renewable energies,Photovoltaic,4.63,1989
23,Other renewable energies,Photovoltaic,29573.759999999947,2022
2,Other renewable energies,Photovoltaic,118.06000000000003,1994
3,Other renewable energies,Photovoltaic,41608.65999999995,2022
26,Other renewable energies,Photovoltaic,10724.129999999985,2022
25,Other renewable energies,Photovoltaic,13722.349999999984,2022
8,Other renewable energies,Photovoltaic,4447.060000000002,2021
16,Other renewable energies,Photovoltaic,3510.3400000000006,2022
19,Other renewable energies,Photovoltaic,67560.1999999999,2022
16,Other renewable energies,Photovoltaic,1864.0999999999995,2021
18,Other renewable energies,Photovoltaic,16002.689999999993,2022
2,Other renewable energies,Biomass,20,2022
20,Other renewable energies,Photovoltaic,42672.28000000001,2022
17,Other renewable energies,Photovoltaic,57301.639999999905,2022
15,Other renewable energies,Photovoltaic,8549.970000000008,2022
20,Other renewable energies,Photovoltaic,24888.779999999988,2023
10,Other renewable energies,Photovoltaic,18424.039999999986,2023
12,Other renewable energies,Photovoltaic,3801.509999999999,2022
24,Other renewable energies,Photovoltaic,13849.929999999997,2022
9,Other renewable energies,Photovoltaic,9544.64,2022
4,Other renewable energies,Photovoltaic,3399.849999999999,2022
22,Other renewable energies,Photovoltaic,25900.06000000002,2023
14,Other renewable energies,Photovoltaic,5131.520000000002,2022
7,Other renewable energies,Photovoltaic,1770.8199999999997,2022
17,Other renewable energies,Photovoltaic,39785.769999999924,2023
3,Other renewable energies,Photovoltaic,41101.53999999998,2023
2,Other renewable energies,Photovoltaic,55815.83000000002,2023
11,Other renewable energies,Photovoltaic,16842.870000000014,2023
15,Other renewable energies,Photovoltaic,4149.429999999999,2023
21,Other renewable energies,Photovoltaic,34435.940000000075,2023
25,Other renewable energies,Photovoltaic,7530.870000000013,2023
13,Other renewable energies,Photovoltaic,12148.31000000001,2023
1,Other renewable energies,Photovoltaic,39849.47,2023
19,Other renewable energies,Photovoltaic,41633.84999999999,2023
6,Other renewable energies,Photovoltaic,3823.6300000000037,2022
5,Other renewable energies,Photovoltaic,7569.189999999997,2023
8,Other renewable energies,Photovoltaic,3120.5900000000015,2022
24,Other renewable energies,Photovoltaic,4139.239999999999,2023
14,Other renewable energies,Photovoltaic,4470.16,2023
18,Other renewable energies,Photovoltaic,11176.380000000001,2023
4,Other renewable energies,Photovoltaic,2111.3500000000004,2023
9,Other renewable energies,Photovoltaic,6426.749999999999,2023
16,Other renewable energies,Photovoltaic,1445.9599999999994,2023
6,Other renewable energies,Photovoltaic,2700.58,2023
26,Other renewable energies,Photovoltaic,3784.7100000000023,2023
8,Other renewable energies,Photovoltaic,3294.730000000002,2023
12,Other renewable energies,Photovoltaic,1404.92,2023
7,Other renewable energies,Photovoltaic,1667.7999999999995,2023
18,Hydroelectric power,Hydroelectric power,668632,1963
1,Hydroelectric power,Hydroelectric power,45220,1920
18,Hydroelectric power,Hydroelectric power,230140,1960
18,Hydroelectric power,Hydroelectric power,872720,1962
8,Hydroelectric power,Hydroelectric power,60000,1908
8,Hydroelectric power,Hydroelectric power,18200,1949
19,Hydroelectric power,Hydroelectric power,44100,1952
19,Hydroelectric power,Hydroelectric power,60200,1902
19,Hydroelectric power,Hydroelectric power,41406,1941
1,Hydroelectric power,Hydroelectric power,42500,1956
19,Hydroelectric power,Hydroelectric power,42600,1949
23,Hydroelectric power,Hydroelectric power,29920,1926
17,Hydroelectric power,Hydroelectric power,366000,1977
8,Hydroelectric power,Hydroelectric power,1526000,1962
18,Hydroelectric power,Hydroelectric power,22000,1958
19,Hydroelectric power,Hydroelectric power,19000,1975
18,Hydroelectric power,Hydroelectric power,44200,1922
18,Hydroelectric power,Hydroelectric power,55000,1907
18,Hydroelectric power,Hydroelectric power,234194,1957
18,Hydroelectric power,Hydroelectric power,102000,1949
23,Hydroelectric power,Hydroelectric power,32485,1915
23,Hydroelectric power,Hydroelectric power,80656,1954
23,Hydroelectric power,Hydroelectric power,9744,1967
18,Hydroelectric power,Hydroelectric power,950,1964
23,Hydroelectric power,Hydroelectric power,322692,1960
23,Hydroelectric power,Hydroelectric power,35300,1950
23,Hydroelectric power,Hydroelectric power,57950,1959
23,Hydroelectric power,Hydroelectric power,120000,1976
23,Hydroelectric power,Hydroelectric power,28000,1909
23,Hydroelectric power,Hydroelectric power,7490,1961
23,Hydroelectric power,Hydroelectric power,24552,1931
2,Hydroelectric power,Hydroelectric power,28512.5,1970
2,Hydroelectric power,Hydroelectric power,18000,1966
2,Hydroelectric power,Hydroelectric power,19047,1991
2,Hydroelectric power,Hydroelectric power,18611,1985
2,Hydroelectric power,Hydroelectric power,36000,1920
2,Hydroelectric power,Hydroelectric power,17000,1959
11,Hydroelectric power,Hydroelectric power,74820,2000
21,Hydroelectric power,Hydroelectric power,50125,1944
11,Hydroelectric power,Hydroelectric power,22000,1970
23,Hydroelectric power,Hydroelectric power,351000,1968
19,Hydroelectric power,Hydroelectric power,544,1998
13,Hydroelectric power,Hydroelectric power,35980,1992
21,Hydroelectric power,Hydroelectric power,69000,1932
21,Hydroelectric power,Hydroelectric power,4320,1904
21,Hydroelectric power,Hydroelectric power,326750,1967
21,Hydroelectric power,Hydroelectric power,14336,1926
21,Hydroelectric power,Hydroelectric power,13000,1968
21,Hydroelectric power,Hydroelectric power,84320,1959
22,Hydroelectric power,Hydroelectric power,240000,1971
23,Hydroelectric power,Hydroelectric power,2134100,1958
23,Hydroelectric power,Hydroelectric power,349576,1969
23,Hydroelectric power,Hydroelectric power,55900,1952
23,Hydroelectric power,Hydroelectric power,70418,1953
18,Hydroelectric power,Hydroelectric power,21600,1951
18,Hydroelectric power,Hydroelectric power,87380,1967
23,Hydroelectric power,Hydroelectric power,19200,1908
23,Hydroelectric power,Hydroelectric power,447855,1929
19,Hydroelectric power,Hydroelectric power,112000,1930
4,Hydroelectric power,Hydroelectric power,197300,1961
2,Hydroelectric power,Hydroelectric power,21250,1962
21,Other renewable energies,Photovoltaic,55.699999999999996,1992
21,Other renewable energies,Photovoltaic,20.8,2004
14,Other renewable energies,Photovoltaic,112.05000000000001,2003
13,Hydroelectric power,Hydroelectric power,90000,1954
18,Hydroelectric power,Hydroelectric power,91098,1990
4,Hydroelectric power,Hydroelectric power,1200,1959
4,Hydroelectric power,Hydroelectric power,13000,1969
4,Hydroelectric power,Hydroelectric power,25000,1966
4,Hydroelectric power,Hydroelectric power,12500,1955
21,Hydroelectric power,Hydroelectric power,17500,1970
21,Hydroelectric power,Hydroelectric power,4575,1998
21,Hydroelectric power,Hydroelectric power,3580,1976
19,Hydroelectric power,Hydroelectric power,3345,1988
1,Hydroelectric power,Hydroelectric power,375,1999
2,Hydroelectric power,Hydroelectric power,21736,1996
2,Hydroelectric power,Hydroelectric power,863,1997
2,Hydroelectric power,Hydroelectric power,1215,2022
4,Hydroelectric power,Hydroelectric power,1280,1905
19,Hydroelectric power,Hydroelectric power,1024,1986
15,Other renewable energies,Biomass,1065,2006
2,Hydroelectric power,Hydroelectric power,1670,1998
20,Other renewable energies,Wind energy,6.4,2003
4,Hydroelectric power,Hydroelectric power,2000,1962
2,Hydroelectric power,Hydroelectric power,15000,1968
2,Hydroelectric power,Hydroelectric power,15000,1963
2,Hydroelectric power,Hydroelectric power,8337.5,1982
2,Other renewable energies,Photovoltaic,92.10000000000001,1995
22,Hydroelectric power,Hydroelectric power,5660,1990
18,Hydroelectric power,Hydroelectric power,10500,1927
14,Hydroelectric power,Hydroelectric power,5160,1951
15,Other renewable energies,Photovoltaic,28.200000000000003,1999
2,Other renewable energies,Photovoltaic,169.35999999999999,1998
23,Hydroelectric power,Hydroelectric power,48000,1914
8,Other renewable energies,Photovoltaic,4.6,2001
17,Other renewable energies,Photovoltaic,79,1998
18,Hydroelectric power,Hydroelectric power,520.8,2005
16,Fossil fuel,Natural gas,780,1981
18,Other renewable energies,Waste,13000,1991
2,Hydroelectric power,Hydroelectric power,2620,1950
2,Hydroelectric power,Hydroelectric power,1390,2005
6,Hydroelectric power,Hydroelectric power,48000,1994
6,Hydroelectric power,Hydroelectric power,16310,1957
18,Hydroelectric power,Hydroelectric power,639,1994
15,Other renewable energies,Photovoltaic,83.3,1995
8,Other renewable energies,Waste,12500,1984
22,Hydroelectric power,Hydroelectric power,914,1995
14,Hydroelectric power,Hydroelectric power,5040,1993
2,Hydroelectric power,Hydroelectric power,1337500,1961
21,Hydroelectric power,Hydroelectric power,232,1996
8,Hydroelectric power,Hydroelectric power,3375,1978
8,Hydroelectric power,Hydroelectric power,1785,1961
8,Hydroelectric power,Hydroelectric power,16500,2005
16,Hydroelectric power,Hydroelectric power,2480,1954
5,Hydroelectric power,Hydroelectric power,107400,1924
8,Hydroelectric power,Hydroelectric power,30500,2004
8,Hydroelectric power,Hydroelectric power,1015,1993
1,Other renewable energies,Waste,20200,1976
6,Hydroelectric power,Hydroelectric power,33900,1905
6,Hydroelectric power,Hydroelectric power,3400,1966
3,Hydroelectric power,Hydroelectric power,740,1886
3,Hydroelectric power,Hydroelectric power,893,1998
3,Hydroelectric power,Hydroelectric power,850,2000
18,Other renewable energies,Wind energy,10,2012
11,Fossil fuel,Natural gas,115,2009
5,Hydroelectric power,Hydroelectric power,67,1993
19,Hydroelectric power,Hydroelectric power,16000,1894
17,Hydroelectric power,Hydroelectric power,80,1982
20,Fossil fuel,Natural gas,30,2010
18,Hydroelectric power,Hydroelectric power,6160,1944
2,Hydroelectric power,Hydroelectric power,4300,1906
2,Hydroelectric power,Hydroelectric power,1155,1903
7,Hydroelectric power,Hydroelectric power,8500,1937
7,Hydroelectric power,Hydroelectric power,6700,1945
7,Hydroelectric power,Hydroelectric power,71,1992
7,Hydroelectric power,Hydroelectric power,100,1997
7,Hydroelectric power,Hydroelectric power,240,1890
3,Hydroelectric power,Hydroelectric power,3040,1980
3,Hydroelectric power,Hydroelectric power,1080,2003
19,Nuclear energy,Nuclear energy,1250000,1984
23,Fossil fuel,Natural gas,60326,2009
22,Hydroelectric power,Hydroelectric power,2220,1895
22,Hydroelectric power,Hydroelectric power,1800,1955
23,Hydroelectric power,Hydroelectric power,12000,2002
23,Hydroelectric power,Hydroelectric power,1600,1993
2,Other renewable energies,Waste,15070,2003
25,Other renewable energies,Waste,18400,1966
25,Hydroelectric power,Hydroelectric power,240,2007
25,Hydroelectric power,Hydroelectric power,6000,1995
8,Hydroelectric power,Hydroelectric power,2400,1899
23,Other renewable energies,Biomass,44,1993
19,Nuclear energy,Nuclear energy,364800,1969
19,Nuclear energy,Nuclear energy,364800,1971
21,Hydroelectric power,Hydroelectric power,950,1894
11,Nuclear energy,Nuclear energy,1035000,1979
9,Hydroelectric power,Hydroelectric power,1747,1897
9,Hydroelectric power,Hydroelectric power,1995,1902
9,Hydroelectric power,Hydroelectric power,122.8,1998
2,Other renewable energies,Waste,4050,1991
25,Hydroelectric power,Hydroelectric power,52000,1925
25,Hydroelectric power,Hydroelectric power,104700,1943
2,Hydroelectric power,Hydroelectric power,5243,1995
2,Hydroelectric power,Hydroelectric power,3940,1984
26,Hydroelectric power,Hydroelectric power,7550,1894
18,Hydroelectric power,Hydroelectric power,3830,1970
7,Hydroelectric power,Hydroelectric power,17750,1960
17,Hydroelectric power,Hydroelectric power,4700,1987
17,Hydroelectric power,Hydroelectric power,5185.3,1990
17,Hydroelectric power,Hydroelectric power,110,1984
17,Hydroelectric power,Hydroelectric power,2425,1996
17,Hydroelectric power,Hydroelectric power,66.7,1925
6,Hydroelectric power,Hydroelectric power,8250,1968
17,Hydroelectric power,Hydroelectric power,6290,1959
17,Hydroelectric power,Hydroelectric power,1990,1989
17,Hydroelectric power,Hydroelectric power,104,1997
17,Hydroelectric power,Hydroelectric power,250,1986
17,Hydroelectric power,Hydroelectric power,1200,1981
11,Other renewable energies,Biomass,180,2010
11,Other renewable energies,Biomass,112,2003
9,Other renewable energies,Photovoltaic,20.8,1998
9,Hydroelectric power,Hydroelectric power,30,1982
19,Fossil fuel,Natural gas,80,1998
19,Other renewable energies,Waste,13600,1970
17,Other renewable energies,Waste,26150,1974
23,Hydroelectric power,Hydroelectric power,1330,1995
23,Hydroelectric power,Hydroelectric power,926,1994
23,Hydroelectric power,Hydroelectric power,7500,1942
19,Other renewable energies,Waste,7760,1992
23,Other renewable energies,Biomass,140,2003
17,Hydroelectric power,Hydroelectric power,900,1911
1,Other renewable energies,Waste,9500,1995
1,Other renewable energies,Photovoltaic,624.3000000000001,2002
1,Fossil fuel,Natural gas,6000,2000
1,Fossil fuel,Natural gas,5070,1967
7,Hydroelectric power,Hydroelectric power,98,1999
22,Other renewable energies,Photovoltaic,64.8,1994
17,Other renewable energies,Waste,5700,1987
10,Hydroelectric power,Hydroelectric power,2400,1976
10,Hydroelectric power,Hydroelectric power,7800,1972
10,Hydroelectric power,Hydroelectric power,71900,1948
24,Hydroelectric power,Hydroelectric power,37600,1952
24,Hydroelectric power,Hydroelectric power,4770,1988
10,Hydroelectric power,Hydroelectric power,89300,1964
10,Other renewable energies,Waste,10000,2001
10,Hydroelectric power,Hydroelectric power,16620,1910
23,Other renewable energies,Biomass,120,1999
10,Hydroelectric power,Hydroelectric power,3184,1999
24,Fossil fuel,Natural gas,47200,1988
12,Other renewable energies,Photovoltaic,45.9,2007
9,Fossil fuel,Natural gas,175,2011
18,Hydroelectric power,Hydroelectric power,105,1992
22,Hydroelectric power,Hydroelectric power,12622,2000
23,Hydroelectric power,Hydroelectric power,1600,1964
9,Fossil fuel,Natural gas,55,2000
17,Fossil fuel,Natural gas,230,2012
17,Fossil fuel,Natural gas,1940,2007
17,Hydroelectric power,Hydroelectric power,855,2001
17,Other renewable energies,Photovoltaic,15,2001
4,Hydroelectric power,Hydroelectric power,1600,1997
4,Hydroelectric power,Hydroelectric power,5930,1963
8,Hydroelectric power,Hydroelectric power,285,1995
8,Hydroelectric power,Hydroelectric power,583,1947
8,Hydroelectric power,Hydroelectric power,1530,1900
26,Other renewable energies,Wind energy,4000,2009
8,Hydroelectric power,Hydroelectric power,3600,1976
2,Other renewable energies,Photovoltaic,35.57,2003
19,Fossil fuel,Natural gas,144,2008
23,Hydroelectric power,Hydroelectric power,4560,1977
10,Other renewable energies,Biomass,300,1994
10,Other renewable energies,Biomass,670,1995
20,Other renewable energies,Photovoltaic,24,1999
18,Fossil fuel,Natural gas,390,2003
18,Hydroelectric power,Hydroelectric power,730.2,1997
2,Fossil fuel,Natural gas,92056,2012
2,Other renewable energies,Biomass,60,1995
18,Hydroelectric power,Hydroelectric power,6342,1998
5,Hydroelectric power,Hydroelectric power,13700,1960
5,Hydroelectric power,Hydroelectric power,20600,1962
5,Hydroelectric power,Hydroelectric power,9700,1970
5,Hydroelectric power,Hydroelectric power,22600,1966
5,Hydroelectric power,Hydroelectric power,360,1949
24,Other renewable energies,Biomass,96,2013
1,Hydroelectric power,Hydroelectric power,2818,1900
10,Fossil fuel,Natural gas,115,2010
7,Hydroelectric power,Hydroelectric power,1558,1957
23,Hydroelectric power,Hydroelectric power,26563,1965
23,Hydroelectric power,Hydroelectric power,45450,1971
23,Hydroelectric power,Hydroelectric power,161050,1974
2,Fossil fuel,Natural gas,60,1996
2,Other renewable energies,Biomass,74.7,1999
22,Other renewable energies,Biomass,48,2004
12,Fossil fuel,Natural gas,1740,2012
12,Fossil fuel,Natural gas,20355,2008
12,Fossil fuel,Natural gas,200,2004
12,Fossil fuel,Natural gas,96,1999
12,Fossil fuel,Natural gas,290,1994
10,Hydroelectric power,Hydroelectric power,500,2004
10,Hydroelectric power,Hydroelectric power,73.6,1990
24,Hydroelectric power,Hydroelectric power,1230,2005
13,Fossil fuel,Natural gas,128,2011
11,Fossil fuel,Natural gas,180,2003
2,Fossil fuel,Natural gas,230,1997
2,Fossil fuel,Natural gas,602.5,1998
17,Fossil fuel,Natural gas,60,2009
18,Fossil fuel,Natural gas,1015,2012
17,Fossil fuel,Natural gas,49,2004
8,Hydroelectric power,Hydroelectric power,110,1965
11,Fossil fuel,Natural gas,368,2014
13,Fossil fuel,Natural gas,884,1995
13,Fossil fuel,Natural gas,3962,2003
2,Other renewable energies,Photovoltaic,125.2,2004
19,Other renewable energies,Photovoltaic,45.8,2000
23,Other renewable energies,Photovoltaic,22,2005
23,Other renewable energies,Photovoltaic,25.4,2004
13,Fossil fuel,Natural gas,350,2008
18,Hydroelectric power,Hydroelectric power,2379,2004
13,Fossil fuel,Natural gas,475,2012
13,Fossil fuel,Natural gas,331,1992
13,Fossil fuel,Natural gas,570,1990
13,Fossil fuel,Natural gas,801,1997
13,Fossil fuel,Natural gas,514,1993
13,Fossil fuel,Natural gas,686,1999
11,Fossil fuel,Natural gas,91.2,2000
13,Fossil fuel,Natural gas,590,1994
13,Fossil fuel,Natural gas,236,2001
13,Fossil fuel,Natural gas,396,2002
13,Fossil fuel,Natural gas,240,2000
24,Other renewable energies,Waste,6625,2000
24,Other renewable energies,Waste,4680,1991
24,Other renewable energies,Waste,2840,1985
2,Other renewable energies,Photovoltaic,20.7,1990
3,Fossil fuel,Natural gas,200,2012
18,Hydroelectric power,Hydroelectric power,586.5,2003
5,Hydroelectric power,Hydroelectric power,2000,1961
5,Hydroelectric power,Hydroelectric power,300,1956
5,Hydroelectric power,Hydroelectric power,1000,1988
15,Other renewable energies,Photovoltaic,31.78,1998
21,Hydroelectric power,Hydroelectric power,431000,1962
20,Other renewable energies,Photovoltaic,20.6,2004
8,Hydroelectric power,Hydroelectric power,195,1930
1,Other renewable energies,Photovoltaic,479.4,2001
20,Fossil fuel,Natural gas,50,2013
13,Fossil fuel,Natural gas,51,1989
13,Fossil fuel,Natural gas,420,1988
13,Fossil fuel,Natural gas,500,2009
13,Fossil fuel,Natural gas,700,1981
23,Other renewable energies,Waste,4520,2009
21,Hydroelectric power,Hydroelectric power,468000,1966
2,Fossil fuel,Natural gas,1065,2003
22,Other renewable energies,Biomass,115,1980
20,Other renewable energies,Photovoltaic,3.3,1991
19,Hydroelectric power,Hydroelectric power,116300,1933
19,Hydroelectric power,Hydroelectric power,27000,2009
19,Fossil fuel,Natural gas,482,1989
1,Fossil fuel,Natural gas,266,2005
1,Fossil fuel,Natural gas,386,1991
12,Other renewable energies,Photovoltaic,80.1,2006
10,Other renewable energies,Photovoltaic,110.2,2005
21,Fossil fuel,Natural gas,252,1997
12,Fossil fuel,Natural gas,280,1996
24,Fossil fuel,Natural gas,180,1997
2,Fossil fuel,Natural gas,494,2013
21,Fossil fuel,Natural gas,147.3,2013
18,Hydroelectric power,Hydroelectric power,9390,1980
25,Fossil fuel,Natural gas,450,1995
22,Hydroelectric power,Hydroelectric power,70,1937
22,Fossil fuel,Natural gas,100,2001
22,Fossil fuel,Natural gas,85,1999
2,Other renewable energies,Photovoltaic,26.8,1991
8,Hydroelectric power,Hydroelectric power,66,1944
22,Hydroelectric power,Hydroelectric power,86400,1950
23,Hydroelectric power,Hydroelectric power,3150,1981
3,Fossil fuel,Natural gas,115,1995
20,Other renewable energies,Photovoltaic,49.830000000000005,2003
22,Other renewable energies,Biomass,665,2002
1,Fossil fuel,Natural gas,2012,2002
18,Hydroelectric power,Hydroelectric power,51.3,2002
18,Hydroelectric power,Hydroelectric power,9600,1968
1,Fossil fuel,Natural gas,250,2010
23,Hydroelectric power,Hydroelectric power,336,1992
17,Hydroelectric power,Hydroelectric power,535.5,1993
17,Hydroelectric power,Hydroelectric power,537,2003
18,Hydroelectric power,Hydroelectric power,50,1987
4,Hydroelectric power,Hydroelectric power,123300,1998
9,Other renewable energies,Photovoltaic,30.23,2003
10,Hydroelectric power,Hydroelectric power,2500,1982
10,Hydroelectric power,Hydroelectric power,2500,1957
13,Fossil fuel,Natural gas,300,2013
13,Fossil fuel,Natural gas,120,2007
18,Hydroelectric power,Hydroelectric power,4,1988
22,Fossil fuel,Natural gas,40,2004
21,Hydroelectric power,Hydroelectric power,44000,1920
23,Hydroelectric power,Hydroelectric power,107000,1923
5,Hydroelectric power,Hydroelectric power,135000,1937
24,Fossil fuel,Natural gas,80,2003
24,Fossil fuel,Natural gas,128,2005
13,Fossil fuel,Natural gas,100,1991
24,Fossil fuel,Natural gas,288,2002
22,Fossil fuel,Natural gas,40,2010
18,Hydroelectric power,Hydroelectric power,881,1991
23,Other renewable energies,Biomass,52,1998
2,Fossil fuel,Crude oil,5.3,1991
6,Other renewable energies,Photovoltaic,367.87,1995
6,Other renewable energies,Biomass,250,2015
9,Fossil fuel,Natural gas,30,2015
2,Hydroelectric power,Hydroelectric power,779,1910
13,Fossil fuel,Natural gas,115,2014
22,Hydroelectric power,Hydroelectric power,10012,1992
14,Other renewable energies,Photovoltaic,23.8,1989
14,Other renewable energies,Photovoltaic,17.88,1999
2,Hydroelectric power,Hydroelectric power,9000,1964
22,Fossil fuel,Natural gas,72,2005
17,Fossil fuel,Natural gas,470,2021
17,Fossil fuel,Natural gas,652,2016
2,Other renewable energies,Photovoltaic,283.7,2000
17,Hydroelectric power,Hydroelectric power,45,2000
25,Fossil fuel,Natural gas,125,2002
5,Hydroelectric power,Hydroelectric power,82,2004
1,Other renewable energies,Photovoltaic,514.62,2004
1,Other renewable energies,Photovoltaic,7.8,1990
21,Other renewable energies,Photovoltaic,46.7,2003
21,Other renewable energies,Photovoltaic,7,1996
17,Hydroelectric power,Hydroelectric power,8,1978
4,Hydroelectric power,Hydroelectric power,53750,1948
21,Fossil fuel,Natural gas,309,2015
21,Other renewable energies,Photovoltaic,7.1,2005
22,Hydroelectric power,Hydroelectric power,113,1998
9,Hydroelectric power,Hydroelectric power,2.72,2016
18,Other renewable energies,Photovoltaic,100,1993
19,Fossil fuel,Natural gas,80,2013
19,Other renewable energies,Photovoltaic,3.6,1995
25,Fossil fuel,Natural gas,473,2013
11,Fossil fuel,Natural gas,1165,2016
14,Other renewable energies,Photovoltaic,3.4,2000
3,Hydroelectric power,Hydroelectric power,1203,1999
10,Hydroelectric power,Hydroelectric power,18.5,1940
12,Fossil fuel,Natural gas,4719,2016
13,Fossil fuel,Natural gas,71,2016
2,Fossil fuel,Natural gas,1016,2016
2,Fossil fuel,Natural gas,1467,2014
22,Other renewable energies,Biomass,195,2017
13,Other renewable energies,Photovoltaic,121.60000000000001,1995
13,Other renewable energies,Photovoltaic,103.5,1994
20,Other renewable energies,Biomass,9520,1960
13,Other renewable energies,Photovoltaic,69.3,2004
1,Other renewable energies,Photovoltaic,230.60000000000002,2003
3,Fossil fuel,Natural gas,3236,2017
1,Fossil fuel,Natural gas,190,2018
21,Other renewable energies,Biomass,180,1993
17,Fossil fuel,Natural gas,2365,2017
2,Other renewable energies,Biomass,250,2000
25,Other renewable energies,Biomass,171,2000
20,Other renewable energies,Waste,15640,1996
21,Fossil fuel,Natural gas,147,2016
10,Fossil fuel,Natural gas,1490,2018
21,Other renewable energies,Photovoltaic,4.4,2001
19,Other renewable energies,Photovoltaic,25.799999999999997,2005
11,Fossil fuel,Natural gas,43.2,2015
20,Other renewable energies,Photovoltaic,4.8,1997
2,Hydroelectric power,Hydroelectric power,141,2000
2,Hydroelectric power,Hydroelectric power,50,1957
19,Other renewable energies,Biomass,76,2015
21,Fossil fuel,Natural gas,50,2017
17,Fossil fuel,Natural gas,960,2018
1,Other renewable energies,Photovoltaic,253.99999999999997,1997
10,Fossil fuel,Natural gas,143,2015
21,Other renewable energies,Biomass,149,2019
1,Fossil fuel,Natural gas,90,2015
2,Hydroelectric power,Hydroelectric power,40.4,1975
14,Other renewable energies,Photovoltaic,7.2,1998
1,Other renewable energies,Biomass,80,1985
17,Fossil fuel,Natural gas,110,2019
22,Fossil fuel,Natural gas,120,2017
20,Other renewable energies,Photovoltaic,6,1998
25,Fossil fuel,Natural gas,20,2018
12,Hydroelectric power,Hydroelectric power,220,1923
1,Other renewable energies,Biomass,1840,2000
8,Hydroelectric power,Hydroelectric power,37,2020
1,Other renewable energies,Biomass,130,2019
18,Other renewable energies,Photovoltaic,8,1996
1,Fossil fuel,Natural gas,60,2019
11,Other renewable energies,Photovoltaic,52.3,1999
1,Fossil fuel,Natural gas,20,2020
1,Fossil fuel,Natural gas,50,2021
17,Hydroelectric power,Hydroelectric power,16450,2021
6,Hydroelectric power,Hydroelectric power,14,2009
22,Fossil fuel,Natural gas,50,2013
3,Other renewable energies,Waste,27200,2016
17,Fossil fuel,Natural gas,50,2020
20,Other renewable energies,Photovoltaic,14.620000000000001,2001
11,Hydroelectric power,Hydroelectric power,90,2021
19,Fossil fuel,Natural gas,100,2018
17,Other renewable energies,Waste,11000,2012
2,Other renewable energies,Waste,17000,2012
19,Other renewable energies,Waste,11150,2013
21,Other renewable energies,Waste,18600,2010
21,Other renewable energies,Biomass,260,2018
11,Other renewable energies,Waste,21600,2012
22,Other renewable energies,Waste,21240,2006
4,Other renewable energies,Wind energy,900,2012
23,Other renewable energies,Biomass,127,2018
1,Other renewable energies,Biomass,3500,2005
18,Other renewable energies,Photovoltaic,93.9,2001
1,Other renewable energies,Waste,3100,2016
19,Other renewable energies,Photovoltaic,86.9,2002
17,Hydroelectric power,Hydroelectric power,16,1907
23,Other renewable energies,Photovoltaic,10.5,1989
4,Other renewable energies,Biomass,240,2009
2,Other renewable energies,Photovoltaic,68.8,2002
2,Other renewable energies,Photovoltaic,58.00000000000002,1996
8,Hydroelectric power,Hydroelectric power,72,2023
11,Other renewable energies,Photovoltaic,17.1,2003
8,Other renewable energies,Biomass,615,2010
17,Other renewable energies,Biomass,4177,2022
5,Other renewable energies,Biomass,6452,2022
1,Fossil fuel,Natural gas,20,2022
1,Other renewable energies,Wind energy,2.1,2022
1,Other renewable energies,Biomass,80,2017
18,Other renewable energies,Biomass,80,2016
24,Other renewable energies,Biomass,680,2016
1,Other renewable energies,Biomass,81,2016
20,Other renewable energies,Biomass,175,2016
26,Other renewable energies,Biomass,70,2016
17,Fossil fuel,Natural gas,120,2014
17,Fossil fuel,Natural gas,129,2015
1,Other renewable energies,Wind energy,9.8,2012
21,Hydroelectric power,Hydroelectric power,105,2021
18,Other renewable energies,Photovoltaic,63.6,2002
7,Hydroelectric power,Hydroelectric power,340,2021
18,Other renewable energies,Photovoltaic,10,1901
19,Hydroelectric power,Hydroelectric power,42224,1966
1,Other renewable energies,Photovoltaic,3.5,1995
18,Other renewable energies,Photovoltaic,140.2,1999
1,Other renewable energies,Photovoltaic,20.63,1991
17,Hydroelectric power,Hydroelectric power,1580,1909
15,Hydroelectric power,Hydroelectric power,60,1916
17,Hydroelectric power,Hydroelectric power,380,1906
17,Hydroelectric power,Hydroelectric power,1800,1921
17,Hydroelectric power,Hydroelectric power,1026,1991
17,Hydroelectric power,Hydroelectric power,16800,1976
18,Hydroelectric power,Hydroelectric power,1600,1941
2,Hydroelectric power,Hydroelectric power,1228,1986
2,Hydroelectric power,Hydroelectric power,11520,1989
1,Hydroelectric power,Hydroelectric power,409,2000
13,Other renewable energies,Photovoltaic,49.900000000000006,1996
13,Other renewable energies,Photovoltaic,40.1,1993
25,Other renewable energies,Photovoltaic,7.7,1998
19,Hydroelectric power,Hydroelectric power,7155,2001
17,Other renewable energies,Photovoltaic,3,1993
18,Hydroelectric power,Hydroelectric power,1500,1972
18,Hydroelectric power,Hydroelectric power,1376,1902
5,Other renewable energies,Photovoltaic,31,2003
18,Other renewable energies,Biomass,60,2010
18,Hydroelectric power,Hydroelectric power,7000,1914
19,Other renewable energies,Photovoltaic,5.8,1991
1,Hydroelectric power,Hydroelectric power,1770,1987
1,Hydroelectric power,Hydroelectric power,2500,2003
18,Hydroelectric power,Hydroelectric power,85000,1977
18,Hydroelectric power,Hydroelectric power,70000,1956
18,Hydroelectric power,Hydroelectric power,337,2001
18,Hydroelectric power,Hydroelectric power,166,1999
1,Other renewable energies,Biomass,850,2001
14,Hydroelectric power,Hydroelectric power,25200,1963
23,Hydroelectric power,Hydroelectric power,750,1985
24,Hydroelectric power,Hydroelectric power,6360,1940
24,Hydroelectric power,Hydroelectric power,4480,1914
24,Hydroelectric power,Hydroelectric power,1360,1968
22,Hydroelectric power,Hydroelectric power,27600,1954
22,Hydroelectric power,Hydroelectric power,5300,1957
22,Hydroelectric power,Hydroelectric power,24000,1927
22,Hydroelectric power,Hydroelectric power,27900,1906
22,Hydroelectric power,Hydroelectric power,1300,1994
10,Hydroelectric power,Hydroelectric power,24375,1921
10,Hydroelectric power,Hydroelectric power,27800,1896
22,Hydroelectric power,Hydroelectric power,27000,1904
22,Hydroelectric power,Hydroelectric power,1600,1901
19,Hydroelectric power,Hydroelectric power,106000,1914
19,Hydroelectric power,Hydroelectric power,226,2000
1,Other renewable energies,Wind energy,7,2006
1,Other renewable energies,Wind energy,10,2007
17,Hydroelectric power,Hydroelectric power,300,1894
17,Hydroelectric power,Hydroelectric power,15,1915
16,Hydroelectric power,Hydroelectric power,15,2001
20,Hydroelectric power,Hydroelectric power,340,1947
20,Hydroelectric power,Hydroelectric power,340,1978
17,Other renewable energies,Biomass,270,2000
23,Hydroelectric power,Hydroelectric power,535,1999
17,Hydroelectric power,Hydroelectric power,150,1899
17,Hydroelectric power,Hydroelectric power,4,1994
17,Hydroelectric power,Hydroelectric power,19,1957
17,Other renewable energies,Photovoltaic,7.1,2004
17,Hydroelectric power,Hydroelectric power,550,1893
20,Other renewable energies,Biomass,60,1990
20,Other renewable energies,Photovoltaic,20.8,1996
20,Hydroelectric power,Hydroelectric power,15,2004
6,Hydroelectric power,Hydroelectric power,239,1995
6,Hydroelectric power,Hydroelectric power,18.5,1998
6,Hydroelectric power,Hydroelectric power,324,2005
6,Hydroelectric power,Hydroelectric power,1200,1941
6,Hydroelectric power,Hydroelectric power,30,1984
6,Hydroelectric power,Hydroelectric power,1415,1997
6,Hydroelectric power,Hydroelectric power,32,1999
6,Hydroelectric power,Hydroelectric power,1250,2003
6,Hydroelectric power,Hydroelectric power,175,1965
6,Hydroelectric power,Hydroelectric power,22,1985
6,Hydroelectric power,Hydroelectric power,11,1989
17,Other renewable energies,Photovoltaic,7.8,1991
2,Other renewable energies,Photovoltaic,32.1,1997
2,Other renewable energies,Photovoltaic,19.7,1993
1,Other renewable energies,Photovoltaic,48.9,1996
11,Other renewable energies,Photovoltaic,0.8,2004
11,Other renewable energies,Wind energy,6.4,2005
11,Hydroelectric power,Hydroelectric power,260,1962
11,Other renewable energies,Photovoltaic,8.3,1998
11,Other renewable energies,Photovoltaic,46.4,2001
19,Hydroelectric power,Hydroelectric power,27.5,1983
3,Other renewable energies,Photovoltaic,17.4,1998
3,Other renewable energies,Photovoltaic,14.6,1990
3,Other renewable energies,Photovoltaic,11.959999999999999,1996
3,Hydroelectric power,Hydroelectric power,50,2001
6,Hydroelectric power,Hydroelectric power,50,2004
2,Hydroelectric power,Hydroelectric power,128.5,2003
2,Hydroelectric power,Hydroelectric power,19.5,1988
2,Hydroelectric power,Hydroelectric power,34,1981
2,Hydroelectric power,Hydroelectric power,919.2,1994
2,Hydroelectric power,Hydroelectric power,886,1983
2,Hydroelectric power,Hydroelectric power,23,1914
2,Hydroelectric power,Hydroelectric power,30,1958
2,Hydroelectric power,Hydroelectric power,42,2002
2,Hydroelectric power,Hydroelectric power,128,1993
13,Hydroelectric power,Hydroelectric power,385,1997
2,Hydroelectric power,Hydroelectric power,16,1929
26,Hydroelectric power,Hydroelectric power,40,1972
26,Hydroelectric power,Hydroelectric power,430,1999
2,Hydroelectric power,Hydroelectric power,396,1999
2,Hydroelectric power,Hydroelectric power,410,1947
26,Hydroelectric power,Hydroelectric power,1640,2001
26,Hydroelectric power,Hydroelectric power,516,2002
26,Hydroelectric power,Hydroelectric power,25,1968
26,Hydroelectric power,Hydroelectric power,25,1996
2,Hydroelectric power,Hydroelectric power,760,2004
2,Other renewable energies,Biomass,100,1989
2,Hydroelectric power,Hydroelectric power,87.5,1960
2,Hydroelectric power,Hydroelectric power,250,1990
2,Hydroelectric power,Hydroelectric power,80,1937
2,Other renewable energies,Biomass,330.3,2003
2,Hydroelectric power,Hydroelectric power,12,1926
7,Other renewable energies,Photovoltaic,7.2,2000
7,Other renewable energies,Photovoltaic,1.4,2001
7,Hydroelectric power,Hydroelectric power,18.5,1927
7,Other renewable energies,Photovoltaic,2.3,2003
20,Hydroelectric power,Hydroelectric power,312,1900
17,Hydroelectric power,Hydroelectric power,1374,2004
19,Hydroelectric power,Hydroelectric power,120,1892
1,Other renewable energies,Photovoltaic,384.44,1999
18,Other renewable energies,Photovoltaic,6.9,1997
18,Other renewable energies,Photovoltaic,93.5,2004
18,Other renewable energies,Photovoltaic,5.6,1992
18,Other renewable energies,Photovoltaic,45.3,2003
2,Hydroelectric power,Hydroelectric power,20,1945
2,Hydroelectric power,Hydroelectric power,120,1888
23,Hydroelectric power,Hydroelectric power,294,2005
23,Hydroelectric power,Hydroelectric power,92,1998
19,Other renewable energies,Biomass,200,2004
20,Other renewable energies,Photovoltaic,12,1993
11,Hydroelectric power,Hydroelectric power,75,1900
11,Hydroelectric power,Hydroelectric power,252,1905
19,Other renewable energies,Photovoltaic,25.2,2003
20,Hydroelectric power,Hydroelectric power,198,1918
2,Hydroelectric power,Hydroelectric power,180,1942
2,Hydroelectric power,Hydroelectric power,237,1987
23,Hydroelectric power,Hydroelectric power,257,1996
20,Hydroelectric power,Hydroelectric power,246,1934
1,Hydroelectric power,Hydroelectric power,2,1995
18,Hydroelectric power,Hydroelectric power,295,1995
2,Hydroelectric power,Hydroelectric power,10,1911
1,Hydroelectric power,Hydroelectric power,105,1936
1,Hydroelectric power,Hydroelectric power,230,1991
1,Other renewable energies,Photovoltaic,74.44,2000
2,Hydroelectric power,Hydroelectric power,30,1978
2,Other renewable energies,Photovoltaic,16,2001
19,Other renewable energies,Photovoltaic,8.2,1997
11,Other renewable energies,Wind energy,6.4,2002
11,Hydroelectric power,Hydroelectric power,240,1888
1,Hydroelectric power,Hydroelectric power,103,1982
1,Other renewable energies,Photovoltaic,18.5,1993
19,Hydroelectric power,Hydroelectric power,472,1943
19,Other renewable energies,Photovoltaic,9.8,1998
3,Hydroelectric power,Hydroelectric power,17.6,1990
3,Other renewable energies,Photovoltaic,5.5,1999
3,Hydroelectric power,Hydroelectric power,75,1900
3,Other renewable energies,Photovoltaic,1,1988
3,Other renewable energies,Photovoltaic,9.7,1992
3,Other renewable energies,Photovoltaic,10.1,2001
3,Other renewable energies,Photovoltaic,14.3,1997
3,Hydroelectric power,Hydroelectric power,200,1863
3,Other renewable energies,Photovoltaic,15.1,1991
3,Hydroelectric power,Hydroelectric power,45,1903
3,Hydroelectric power,Hydroelectric power,15,1982
3,Hydroelectric power,Hydroelectric power,40,1975
3,Other renewable energies,Photovoltaic,13.399999999999999,1994
20,Other renewable energies,Biomass,65,2005
23,Other renewable energies,Biomass,65,2001
2,Hydroelectric power,Hydroelectric power,64,1908
2,Other renewable energies,Wind energy,10,2003
17,Other renewable energies,Biomass,90,1997
15,Other renewable energies,Photovoltaic,10,2003
15,Other renewable energies,Photovoltaic,3,1988
17,Hydroelectric power,Hydroelectric power,100,1962
15,Other renewable energies,Photovoltaic,23.8,2002
17,Hydroelectric power,Hydroelectric power,2018.5,2002
15,Hydroelectric power,Hydroelectric power,15,1981
16,Other renewable energies,Photovoltaic,2.3,2000
17,Hydroelectric power,Hydroelectric power,302,1995
15,Other renewable energies,Photovoltaic,3,1990
15,Other renewable energies,Photovoltaic,3,1992
15,Other renewable energies,Photovoltaic,3.5,1997
15,Other renewable energies,Photovoltaic,28.5,2005
17,Hydroelectric power,Hydroelectric power,82.5,1979
17,Other renewable energies,Photovoltaic,3.3,1992
15,Other renewable energies,Photovoltaic,3.3,1991
15,Hydroelectric power,Hydroelectric power,125,1996
15,Other renewable energies,Photovoltaic,9.7,1993
15,Other renewable energies,Photovoltaic,4,2004
13,Other renewable energies,Photovoltaic,18.2,1991
11,Other renewable energies,Photovoltaic,1,1997
11,Other renewable energies,Photovoltaic,5.800000000000001,1991
13,Other renewable energies,Photovoltaic,40.2,1990
11,Other renewable energies,Photovoltaic,31.799999999999997,1995
13,Other renewable energies,Photovoltaic,7.3999999999999995,1999
13,Other renewable energies,Photovoltaic,9.7,1998
11,Other renewable energies,Photovoltaic,3,1993
13,Hydroelectric power,Hydroelectric power,880,1946
13,Hydroelectric power,Hydroelectric power,340,1942
13,Hydroelectric power,Hydroelectric power,455,1949
13,Hydroelectric power,Hydroelectric power,440,1947
13,Other renewable energies,Photovoltaic,2.4,1997
13,Other renewable energies,Photovoltaic,12.1,2001
11,Other renewable energies,Photovoltaic,6.62,2005
11,Hydroelectric power,Hydroelectric power,1600,1996
11,Other renewable energies,Photovoltaic,3.3,2000
13,Other renewable energies,Photovoltaic,11,2005
11,Other renewable energies,Photovoltaic,2.4,2002
13,Other renewable energies,Photovoltaic,5,2003
10,Hydroelectric power,Hydroelectric power,5,1993
17,Hydroelectric power,Hydroelectric power,37.5,1983
19,Hydroelectric power,Hydroelectric power,100,1944
17,Hydroelectric power,Hydroelectric power,25,1980
8,Hydroelectric power,Hydroelectric power,400,1960
2,Hydroelectric power,Hydroelectric power,30,1943
3,Other renewable energies,Wind energy,900,2005
3,Other renewable energies,Photovoltaic,101.4,2005
3,Other renewable energies,Photovoltaic,0.3,2003
3,Hydroelectric power,Hydroelectric power,10,1935
3,Hydroelectric power,Hydroelectric power,100,1898
19,Other renewable energies,Photovoltaic,3,1990
19,Hydroelectric power,Hydroelectric power,17,1989
19,Hydroelectric power,Hydroelectric power,230,1994
19,Other renewable energies,Biomass,17,1993
19,Hydroelectric power,Hydroelectric power,6,1993
11,Hydroelectric power,Hydroelectric power,12,1999
5,Other renewable energies,Photovoltaic,46.92,2005
1,Hydroelectric power,Hydroelectric power,600,2004
2,Hydroelectric power,Hydroelectric power,50,1948
2,Hydroelectric power,Hydroelectric power,173,1992
15,Hydroelectric power,Hydroelectric power,640,1987
15,Hydroelectric power,Hydroelectric power,225,1988
15,Hydroelectric power,Hydroelectric power,470,1992
12,Other renewable energies,Photovoltaic,306.4,2000
12,Other renewable energies,Photovoltaic,418.9,2001
12,Other renewable energies,Photovoltaic,164.1,2002
12,Other renewable energies,Photovoltaic,407.7,2003
12,Other renewable energies,Photovoltaic,316.29999999999995,2004
12,Other renewable energies,Photovoltaic,205.29999999999998,2005
13,Hydroelectric power,Hydroelectric power,690,1995
2,Other renewable energies,Biomass,400,1950
23,Hydroelectric power,Hydroelectric power,1562,1990
13,Hydroelectric power,Hydroelectric power,1206,1998
20,Hydroelectric power,Hydroelectric power,1925,2002
20,Hydroelectric power,Hydroelectric power,137,1996
1,Other renewable energies,Wind energy,13.4,2002
1,Other renewable energies,Wind energy,14,2000
1,Hydroelectric power,Hydroelectric power,40,1950
7,Other renewable energies,Biomass,50,2000
7,Hydroelectric power,Hydroelectric power,30,1987
8,Hydroelectric power,Hydroelectric power,245,1941
5,Other renewable energies,Photovoltaic,5.7,2004
5,Other renewable energies,Photovoltaic,16,1993
5,Other renewable energies,Photovoltaic,14,1999
3,Other renewable energies,Photovoltaic,8.5,1993
3,Hydroelectric power,Hydroelectric power,9.100000000000001,1996
23,Other renewable energies,Photovoltaic,3,1998
23,Hydroelectric power,Hydroelectric power,450,2004
23,Hydroelectric power,Hydroelectric power,822,2001
14,Other renewable energies,Photovoltaic,6.8,2002
8,Hydroelectric power,Hydroelectric power,900,1999
8,Hydroelectric power,Hydroelectric power,22,2000
8,Hydroelectric power,Hydroelectric power,40,1994
4,Other renewable energies,Photovoltaic,9,2001
5,Hydroelectric power,Hydroelectric power,25,2002
20,Hydroelectric power,Hydroelectric power,400,1941
5,Hydroelectric power,Hydroelectric power,30.5,1994
21,Hydroelectric power,Hydroelectric power,1343,1999
21,Hydroelectric power,Hydroelectric power,87,2004
21,Other renewable energies,Biomass,69,1999
21,Hydroelectric power,Hydroelectric power,14,1997
21,Hydroelectric power,Hydroelectric power,210,1990
21,Hydroelectric power,Hydroelectric power,130,2003
18,Other renewable energies,Biomass,28,1987
18,Hydroelectric power,Hydroelectric power,11,1985
18,Hydroelectric power,Hydroelectric power,60,1986
18,Hydroelectric power,Hydroelectric power,151,1993
21,Other renewable energies,Photovoltaic,3.8,1998
21,Other renewable energies,Photovoltaic,2.2,2000
1,Other renewable energies,Biomass,248,1995
1,Other renewable energies,Biomass,360,1996
1,Other renewable energies,Biomass,2650,2002
8,Hydroelectric power,Hydroelectric power,125,2001
23,Other renewable energies,Wind energy,2000,2005
26,Other renewable energies,Wind energy,6.5,2004
19,Other renewable energies,Biomass,5.5,1994
19,Other renewable energies,Photovoltaic,2.6,1996
19,Other renewable energies,Photovoltaic,50,1992
4,Hydroelectric power,Hydroelectric power,533,1996
4,Hydroelectric power,Hydroelectric power,80,1999
4,Hydroelectric power,Hydroelectric power,125,2004
4,Hydroelectric power,Hydroelectric power,400,2002
4,Other renewable energies,Photovoltaic,10.18,2003
4,Hydroelectric power,Hydroelectric power,32,1988
4,Hydroelectric power,Hydroelectric power,90,1964
4,Hydroelectric power,Hydroelectric power,10,1984
5,Hydroelectric power,Hydroelectric power,4,1986
1,Other renewable energies,Biomass,70,1998
1,Other renewable energies,Biomass,15,1994
1,Other renewable energies,Photovoltaic,30.4,1992
1,Other renewable energies,Biomass,20,1999
5,Hydroelectric power,Hydroelectric power,17,1918
5,Other renewable energies,Photovoltaic,9,1992
1,Hydroelectric power,Hydroelectric power,300,1939
1,Hydroelectric power,Hydroelectric power,150,1998
25,Other renewable energies,Photovoltaic,199.1,2001
25,Other renewable energies,Photovoltaic,279.5,2002
25,Other renewable energies,Photovoltaic,21.3,2000
25,Other renewable energies,Photovoltaic,15.4,1994
25,Other renewable energies,Photovoltaic,545.0599999999998,2004
25,Other renewable energies,Photovoltaic,225.13,2003
25,Other renewable energies,Photovoltaic,6.6,1992
25,Hydroelectric power,Hydroelectric power,40,1994
25,Hydroelectric power,Hydroelectric power,330,1945
25,Other renewable energies,Photovoltaic,9.1,1997
25,Other renewable energies,Photovoltaic,3,1999
2,Hydroelectric power,Hydroelectric power,950,1979
23,Hydroelectric power,Hydroelectric power,84,2000
17,Hydroelectric power,Hydroelectric power,211,1950
17,Hydroelectric power,Hydroelectric power,25,1942
8,Hydroelectric power,Hydroelectric power,900,1996
1,Hydroelectric power,Hydroelectric power,245,1943
2,Other renewable energies,Biomass,130,2004
8,Hydroelectric power,Hydroelectric power,75,1977
8,Hydroelectric power,Hydroelectric power,800,1983
4,Hydroelectric power,Hydroelectric power,18.5,2021
5,Hydroelectric power,Hydroelectric power,300,1998
3,Other renewable energies,Photovoltaic,27.7,2000
15,Hydroelectric power,Hydroelectric power,30,1994
2,Other renewable energies,Wind energy,6,2005
1,Other renewable energies,Wind energy,6.5,2003
17,Hydroelectric power,Hydroelectric power,112,1940
17,Hydroelectric power,Hydroelectric power,35,1948
3,Hydroelectric power,Hydroelectric power,300,1945
9,Other renewable energies,Biomass,515,2001
9,Hydroelectric power,Hydroelectric power,47,1997
9,Hydroelectric power,Hydroelectric power,145,1990
9,Hydroelectric power,Hydroelectric power,430,1908
9,Other renewable energies,Photovoltaic,17.1,2002
9,Other renewable energies,Photovoltaic,10.5,1993
9,Other renewable energies,Photovoltaic,17.2,1999
9,Other renewable energies,Photovoltaic,6.569999999999999,2005
9,Other renewable energies,Photovoltaic,3,1994
8,Hydroelectric power,Hydroelectric power,168,1918
23,Hydroelectric power,Hydroelectric power,117,1991
2,Hydroelectric power,Hydroelectric power,15,1900
2,Hydroelectric power,Hydroelectric power,7,1905
2,Hydroelectric power,Hydroelectric power,90,1944
2,Other renewable energies,Biomass,60,1998
2,Hydroelectric power,Hydroelectric power,16,1974
22,Hydroelectric power,Hydroelectric power,277.5,2002
22,Hydroelectric power,Hydroelectric power,294,1997
22,Hydroelectric power,Hydroelectric power,18.5,1983
22,Other renewable energies,Biomass,58,2003
22,Other renewable energies,Biomass,60,1996
22,Other renewable energies,Photovoltaic,2.8,1993
22,Hydroelectric power,Hydroelectric power,47,1996
22,Other renewable energies,Photovoltaic,3,1991
22,Other renewable energies,Photovoltaic,3,1992
22,Hydroelectric power,Hydroelectric power,5,2001
22,Other renewable energies,Photovoltaic,9,1999
22,Hydroelectric power,Hydroelectric power,500,2003
22,Other renewable energies,Photovoltaic,3.5,2000
23,Hydroelectric power,Hydroelectric power,790,1997
23,Hydroelectric power,Hydroelectric power,210,1988
20,Hydroelectric power,Hydroelectric power,200,1993
20,Hydroelectric power,Hydroelectric power,130,1999
18,Hydroelectric power,Hydroelectric power,85,2000
18,Hydroelectric power,Hydroelectric power,172,1989
18,Hydroelectric power,Hydroelectric power,243,1996
1,Hydroelectric power,Hydroelectric power,600,1942
20,Hydroelectric power,Hydroelectric power,760,1989
20,Hydroelectric power,Hydroelectric power,500,1949
18,Other renewable energies,Biomass,80,2005
17,Hydroelectric power,Hydroelectric power,36,1960
3,Other renewable energies,Photovoltaic,52.09,1995
3,Other renewable energies,Photovoltaic,1.5,2002
3,Hydroelectric power,Hydroelectric power,40,1994
3,Hydroelectric power,Hydroelectric power,11,1985
15,Other renewable energies,Photovoltaic,3.3,2001
18,Hydroelectric power,Hydroelectric power,100,1974
2,Hydroelectric power,Hydroelectric power,8.8,1925
10,Other renewable energies,Photovoltaic,6,2002
18,Hydroelectric power,Hydroelectric power,38,1982
18,Other renewable energies,Biomass,15,1983
3,Other renewable energies,Wind energy,30,2006
19,Hydroelectric power,Hydroelectric power,160,1956
19,Hydroelectric power,Hydroelectric power,50,1938
9,Other renewable energies,Photovoltaic,3,1996
